gse_id,old_gse_id,gse_type,model,manufacturer,location,lift_inspection_expires,latest_service_chassi,latest_service_unit,chassi_nr_vehicle,chassi_nr_unit,manufacturing_year_chassi,manufacturing_year_unit,hour_meter_chassi,hour_meter_unit,km_chassi,local_vehicle_permit,vehicle_permit_nr,vehicle_permit_valid_until,in_use,net_weight_kg,total_weight_kg,status,type_of_fuel,emission_standard,reg_nr_if_applicable,heating,deice_type,hot_type4,glycol,capacity,ac_type,single_double_max_ppm,power,cabin,gen2,length_m,height_min_max_mm,self_propelled,owned_by_company,owned_by_company2,type_of_lease,term_of_termination,purchase_date,agreement_expire_date,risk_assessment,training_documentation_available,item_type,path
TBL 00005,NAS160,Towbar less tractor (TBL),TBL190,Kalmar,AAP,,10/26/2023,,2138,,2002,,"13,350",,,,,,FALSE,"11,000","35,000",1. Scrap,Diesel,TIER 2,,,,FALSE,FALSE,,,,,FALSE,FALSE,,,FALSE,Aviator Airport Services Sweden AB,,No lease,,,,FALSE,FALSE,Element,GSE/Lists/AviatorGSERegister
BLS 00011,44401,Belt loader snake (BLS),Roller track 45E,Mulag,CFS,,,,,1444,,2019,,945,,,,,TRUE,,"5,000",5. Very good condition,Electric -> Emission N/A,,,,,TRUE,TRUE,,,,,TRUE,TRUE,8m,,TRUE,Other,,Operational lease,,,,TRUE,TRUE,Element,GSE/Lists/AviatorGSERegister
PBT 00022,1,Push back tractor (PBT),F110      16T,Schopf,CFS,,,,2011035SCJ,,2011,,"6,647",,,,,,TRUE,,"16,000",4. Good condition,Diesel,EURO3,,,,TRUE,TRUE,,,,,TRUE,TRUE,,,TRUE,Copenhagen Flight Services APS,,,,,,TRUE,TRUE,Element,GSE/Lists/AviatorGSERegister
PBT 00023,2,Push back tractor (PBT),F110      16T,Schopf,CFS,,,,2011025ICJ,,2011,,"6,209",,,,,,TRUE,,"16,000",4. Good condition,Diesel,EURO3,,,,TRUE,TRUE,,,,,TRUE,TRUE,,,TRUE,Copenhagen Flight Services APS,,,,,,TRUE,TRUE,Element,GSE/Lists/AviatorGSERegister
TBL 00018,162,Towbar less tractor (TBL),TBL180,Kalmar,CFS,,,,204 4,,1996,,"15,526",,,,,,TRUE,,,2. Usable,Diesel,TIER 2,,,,FALSE,FALSE,,,,,TRUE,FALSE,,,TRUE,Copenhagen Flight Services APS,,,,,,TRUE,TRUE,Element,GSE/Lists/AviatorGSERegister
TBL 00019,5,Towbar less tractor (TBL),TBL100 EL,Kalmar,CFS,,,,2560,,2019,,152,,,,,,TRUE,"7,500","15,000",5. Very good condition,Electric -> Emission N/A,,,,,FALSE,FALSE,,,,,TRUE,FALSE,,,TRUE,Copenhagen Flight Services APS,,,,,,TRUE,TRUE,Element,GSE/Lists/AviatorGSERegister
BLT 00032,1,Belt loader (BLT),"MDF 7,5",Mulag,CFS,,,,414312,,2001,,"14,878",,,,,,TRUE,,,0. Scraped,Hybrid,,,,,TRUE,TRUE,,,,,TRUE,TRUE,7m,,TRUE,Copenhagen Flight Services APS,,,,,,TRUE,TRUE,Element,GSE/Lists/AviatorGSERegister
BLT 00033,3,Belt loader (BLT),"MDF 7,5",Mulag,CFS,,,,02F016243,,1999,,,,,,,,TRUE,,,2. Usable,Diesel,EURO3,,,,TRUE,TRUE,,,,,TRUE,TRUE,7m,,TRUE,Copenhagen Flight Services APS,,,,,,TRUE,TRUE,Element,GSE/Lists/AviatorGSERegister
BLT 00034,4,Belt loader (BLT),"MDF 7,5",Mulag,CFS,,,,99F012705,,1999,,"15,640",,,,,,TRUE,,,2. Usable,Diesel,EURO3,,,,TRUE,TRUE,,,,,TRUE,TRUE,7m,,TRUE,Copenhagen Flight Services APS,,,,,,TRUE,TRUE,Element,GSE/Lists/AviatorGSERegister
BLS 00012,5,Belt loader snake (BLS),NBL EL,TLD/Powerstow,CFS,,,,T15979,45,2008,,,,,,,,TRUE,,,2. Usable,Electric -> Emission N/A,,,,,TRUE,TRUE,,,,,TRUE,TRUE,7m,,TRUE,Aviator Airport Partners A/S,,,,,,TRUE,TRUE,Element,GSE/Lists/AviatorGSERegister
BLS 00013,6,Belt loader snake (BLS),"Orbiter 7,7E",Mulag/Powerstow,CFS,,,,F050055,658,2018,,"5,710","2,460",,,,,TRUE,,,4. Good condition,Electric -> Emission N/A,,,,,TRUE,TRUE,,,,,TRUE,TRUE,7m,,TRUE,Copenhagen Flight Services APS,,,,,,TRUE,TRUE,Element,GSE/Lists/AviatorGSERegister
BLT 00035,7,Belt loader (BLT),NBL EL,TLD,CFS,,,,T28696,,2013,,"4,140",,,,,,TRUE,,,3. Okay,Electric -> Emission N/A,,,,,TRUE,TRUE,,,,,TRUE,TRUE,8m,,TRUE,Copenhagen Flight Services APS,,,,,,TRUE,TRUE,Element,GSE/Lists/AviatorGSERegister
BLT 00036,3,Belt loader (BLT),Cargo,TLD,CFS,,,,62200431,,2006,,,,,,,,FALSE,,,0. Scraped,Electric -> Emission N/A,,,,,TRUE,TRUE,,,,,TRUE,TRUE,7m,,TRUE,Copenhagen Flight Services APS,,,,,,TRUE,TRUE,Element,GSE/Lists/AviatorGSERegister
BLT 00037,4,Belt loader (BLT),Cargo,TLD,CFS,,,,62200541,,2006,,,,,,,,FALSE,,,0. Scraped,Electric -> Emission N/A,,,,,TRUE,TRUE,,,,,TRUE,TRUE,7m,,TRUE,Copenhagen Flight Services APS,,,,,,TRUE,TRUE,Element,GSE/Lists/AviatorGSERegister
BLS 00014,8,Belt loader snake (BLS),"Orbiter 7,7E",Mulag/Powerstow,CFS,,,,F051145,1445,2020,,736,696,,,,,TRUE,,,5. Very good condition,Electric -> Emission N/A,,,,,TRUE,TRUE,,,,,TRUE,TRUE,7m,,TRUE,Copenhagen Flight Services APS,,,,,,TRUE,TRUE,Element,GSE/Lists/AviatorGSERegister
TOW 00071,1,Towbar (TOW),,Struwing,CFS,,,,06-11 3,,2011,,,,,,,,TRUE,,,3. Okay,,,,,,TRUE,TRUE,,A318-321,,,TRUE,TRUE,,,TRUE,Copenhagen Flight Services APS,,,,,,TRUE,TRUE,Element,GSE/Lists/AviatorGSERegister
TOW 00072,2,Towbar (TOW),,Struwing,CFS,,,,06-11 1,,2011,,,,,,,,TRUE,,,3. Okay,,,,,,TRUE,TRUE,,A318-321,,,TRUE,TRUE,,,TRUE,Copenhagen Flight Services APS,,,,,,TRUE,TRUE,Element,GSE/Lists/AviatorGSERegister
TOW 00073,3,Towbar (TOW),,Struwing,CFS,,,,06-11 2,,2011,,,,,,,,TRUE,,,3. Okay,,,,,,TRUE,TRUE,,A318-321,,,TRUE,TRUE,,,TRUE,Copenhagen Flight Services APS,,,,,,TRUE,TRUE,Element,GSE/Lists/AviatorGSERegister
TOW 00074,4,Towbar (TOW),,Struwing,CFS,,,,???,,2016,,,,,,,,TRUE,,,4. Good condition,,,,,,TRUE,TRUE,,B737,,,TRUE,TRUE,,,TRUE,Copenhagen Flight Services APS,,,,,,TRUE,TRUE,Element,GSE/Lists/AviatorGSERegister
TOW 00075,5,Towbar (TOW),,Hygcom,CFS,,,,???,,2006,,,,,,,,TRUE,,,3. Okay,,,,,,TRUE,TRUE,,B737,,,TRUE,TRUE,,,TRUE,Aviator Airport Partners A/S,,,,,,TRUE,TRUE,Element,GSE/Lists/AviatorGSERegister
TOW 00076,6,Towbar (TOW),,Hygcom,CFS,,,,???,,2006,,,,,,,,TRUE,,,3. Okay,,,,,,TRUE,TRUE,,B737,,,TRUE,TRUE,,,TRUE,Aviator Airport Partners A/S,,,,,,TRUE,TRUE,Element,GSE/Lists/AviatorGSERegister
TOW 00077,7,Towbar (TOW),,Struwing,CFS,,,,02-13 6,,2013,,,,,,,,TRUE,,,4. Good condition,,,,,,TRUE,TRUE,,B737,,,TRUE,TRUE,,,TRUE,Copenhagen Flight Services APS,,,,,,TRUE,TRUE,Element,GSE/Lists/AviatorGSERegister
TOW 00078,8,Towbar (TOW),,Strüwing,CFS,,,,71219 3,,,,,,,,,,TRUE,,,1. Scrap,,,,,,TRUE,TRUE,,B737,,,TRUE,TRUE,,,TRUE,Copenhagen Flight Services APS,,,,,,TRUE,TRUE,Element,GSE/Lists/AviatorGSERegister
TOW 00079,10,Towbar (TOW),,NH-221,CFS,,,,???,,,,,,,,,,TRUE,,,1. Scrap,,,,,,TRUE,TRUE,,ER-4,,,TRUE,TRUE,,,TRUE,Copenhagen Flight Services APS,,,,,,TRUE,TRUE,Element,GSE/Lists/AviatorGSERegister
TOW 00080,15,Towbar (TOW),,???,CFS,,,,???,,,,,,,,,,TRUE,,,1. Scrap,,,,,,TRUE,TRUE,,,,,TRUE,TRUE,,,TRUE,Copenhagen Flight Services APS,,,,,,TRUE,TRUE,Element,GSE/Lists/AviatorGSERegister
EBT 00115,10,Baggage tractor (EBT),T 135 EVO,Toyota Charlatte,CFS,,,,1359715,,2016,,"1,908",,,,,,TRUE,,,2. Usable,Electric -> Emission N/A,,RF 10 517,,,TRUE,TRUE,,,,,TRUE,TRUE,,,TRUE,Copenhagen Flight Services APS,,,,,,TRUE,TRUE,Element,GSE/Lists/AviatorGSERegister
EBT 00116,11,Baggage tractor (EBT),T 135 EVO,Toyota Charlatte,CFS,,,,1359716,,2016,,"1,792",,,,,,TRUE,,,2. Usable,Electric -> Emission N/A,,RF 10 513,,,TRUE,TRUE,,,,,TRUE,TRUE,,,TRUE,Copenhagen Flight Services APS,,,,,,TRUE,TRUE,Element,GSE/Lists/AviatorGSERegister
EBT 00117,12,Baggage tractor (EBT),T 135 EVO,Toyota Charlatte,CFS,,,,1359717,,2016,,"1,781",,,,,,TRUE,,,2. Usable,Electric -> Emission N/A,,RF 10512,,,TRUE,TRUE,,,,,TRUE,TRUE,,,TRUE,Copenhagen Flight Services APS,,,,,,TRUE,TRUE,Element,GSE/Lists/AviatorGSERegister
EBT 00118,13,Baggage tractor (EBT),T 135 EVO,Toyota Charlatte,CFS,,,,1359718,,2016,,"38,083",,,,,,TRUE,,,2. Usable,Electric -> Emission N/A,,RF 10516,,,TRUE,TRUE,,,,,TRUE,TRUE,,,TRUE,Copenhagen Flight Services APS,,,,,,TRUE,TRUE,Element,GSE/Lists/AviatorGSERegister
EBT 00119,14,Baggage tractor (EBT),T 135 EVO,Toyota Charlatte,CFS,,,,1359719,,2016,,,,,,,,TRUE,,,2. Usable,Electric -> Emission N/A,,RF 10514,,,TRUE,TRUE,,,,,TRUE,TRUE,,,TRUE,Copenhagen Flight Services APS,,,,,,TRUE,TRUE,Element,GSE/Lists/AviatorGSERegister
EBT 00120,15,Baggage tractor (EBT),T 135 EVO,Toyota Charlatte,CFS,,,,1359720,,2016,,"38,614",,,,,,TRUE,,,2. Usable,Electric -> Emission N/A,,RF 10 515,,,TRUE,TRUE,,,,,TRUE,TRUE,,,TRUE,Copenhagen Flight Services APS,,,,,,TRUE,TRUE,Element,GSE/Lists/AviatorGSERegister
EBT 00121,16,Baggage tractor (EBT),P250/127-05 SWB,Linde,CFS,,,,53424,,2019,,350,,,,,,TRUE,,,5. Very good condition,Electric -> Emission N/A,,RF 10 540,,,TRUE,TRUE,,,,,TRUE,TRUE,,,TRUE,Copenhagen Flight Services APS,,,,,,TRUE,TRUE,Element,GSE/Lists/AviatorGSERegister
EBT 00122,17,Baggage tractor (EBT),P250/127-05 SWB,Linde,CFS,,,,53427,,2019,,322,,,,,,TRUE,,,5. Very good condition,Electric -> Emission N/A,,RF 10 538,,,TRUE,TRUE,,,,,TRUE,TRUE,,,TRUE,Copenhagen Flight Services APS,,,,,,TRUE,TRUE,Element,GSE/Lists/AviatorGSERegister
EBT 00123,18,Baggage tractor (EBT),P250/127-05 SWB,Linde,CFS,,,,53426,,2019,,332,,,,,,TRUE,,,5. Very good condition,Electric -> Emission N/A,,RF 10 537,,,TRUE,TRUE,,,,,TRUE,TRUE,,,TRUE,Copenhagen Flight Services APS,,,,,,TRUE,TRUE,Element,GSE/Lists/AviatorGSERegister
EBT 00124,19,Baggage tractor (EBT),P250/127-05 SWB,Linde,CFS,,,,53425,,2019,,319,,,,,,TRUE,,,5. Very good condition,Electric -> Emission N/A,,RF 10 539,,,TRUE,TRUE,,,,,TRUE,TRUE,,,TRUE,Copenhagen Flight Services APS,,,,,,TRUE,TRUE,Element,GSE/Lists/AviatorGSERegister
EBT 00125,20,Baggage tractor (EBT),P250/127-05 SWB,Linde,CFS,,,,53429,,2019,,313,,,,,,TRUE,,,5. Very good condition,Electric -> Emission N/A,,RF 10 541,,,TRUE,TRUE,,,,,TRUE,TRUE,,,TRUE,Copenhagen Flight Services APS,,,,,,TRUE,TRUE,Element,GSE/Lists/AviatorGSERegister
EBT 00126,21,Baggage tractor (EBT),P250/127-05 SWB,Linde,CFS,,,,53428,,2019,,,,,,,,TRUE,,,5. Very good condition,Electric -> Emission N/A,,RF 10 535,,,TRUE,TRUE,,,,,TRUE,TRUE,,,TRUE,Copenhagen Flight Services APS,,,,,,TRUE,TRUE,Element,GSE/Lists/AviatorGSERegister
EBT 00127,22,Baggage tractor (EBT),P250/127-05 SWB,Linde,CFS,,,,53423,,2019,,328,,,,,,TRUE,,,5. Very good condition,Electric -> Emission N/A,,RF 10 534,,,TRUE,TRUE,,,,,TRUE,TRUE,,,TRUE,Copenhagen Flight Services APS,,,,,,TRUE,TRUE,Element,GSE/Lists/AviatorGSERegister
EBT 00128,23,Baggage tractor (EBT),P250/127-05 SWB,Linde,CFS,,,,53430,,2019,,279,,,,,,TRUE,,,5. Very good condition,Electric -> Emission N/A,,RF 10 536,,,TRUE,TRUE,,,,,TRUE,TRUE,,,TRUE,Copenhagen Flight Services APS,,,,,,TRUE,TRUE,Element,GSE/Lists/AviatorGSERegister
DIT 00012,1,De-icing truck (DIT),220,Safeaero,CFS,,,,901 6,,2010,,"4,135",,,,,,TRUE,,,3. Okay,Diesel,EURO3,,EL & Diesel,MIX (Propmix),TRUE,TRUE,,,,,TRUE,TRUE,,,TRUE,Copenhagen Flight Services APS,,,,,,TRUE,TRUE,Element,GSE/Lists/AviatorGSERegister
DIT 00013,2,De-icing truck (DIT),220,Safeaero,CFS,,,,911 0,,2010,,"4,145",,,,,,TRUE,,,3. Okay,Diesel,EURO3,,EL & Diesel,MIX (Propmix),TRUE,TRUE,,,,,TRUE,TRUE,,,TRUE,Copenhagen Flight Services APS,,,,,,TRUE,TRUE,Element,GSE/Lists/AviatorGSERegister
DIT 00014,3,De-icing truck (DIT),220,Safeaero,CFS,,,,570 8,,2009,,"3,551",,,,,,TRUE,,,3. Okay,Diesel,EURO3,,EL & Diesel,MIX (Propmix),TRUE,TRUE,,,,,TRUE,TRUE,,,TRUE,Copenhagen Flight Services APS,,,,,,TRUE,TRUE,Element,GSE/Lists/AviatorGSERegister
CAR 00049,2,Car (CAR),Spark,Chevrolet,CFS,,,,KL1MF4819BC610351,,2011,,,,,,,,TRUE,,,3. Okay,Petrol,EURO5,RF22975,,,TRUE,TRUE,,,,,TRUE,TRUE,,,TRUE,Copenhagen Flight Services APS,,,,,,TRUE,TRUE,Element,GSE/Lists/AviatorGSERegister
CAR 00050,3,Car (CAR),Spark,Chevrolet,CFS,,,,KL1MF4819DC521878,,2013,,,,,,,,TRUE,,,3. Okay,Petrol,EURO5,RF23069,,,TRUE,TRUE,,,,,TRUE,TRUE,,,TRUE,Copenhagen Flight Services APS,,,,,,TRUE,TRUE,Element,GSE/Lists/AviatorGSERegister
CAR 00051,4,Car (CAR),Micra,Nissan,CFS,,,,MDHFBUK13U0795656,,2015,,,,,,,,TRUE,,,3. Okay,Petrol,EURO5,RF10205,,,TRUE,TRUE,,,,,TRUE,TRUE,,,TRUE,Copenhagen Flight Services APS,,,,,,TRUE,TRUE,Element,GSE/Lists/AviatorGSERegister
CAR 00052,DH71291,Car (CAR),Alto,Suzuki,CFS,,,,,,,,,,,,,,TRUE,,,3. Okay,Petrol,EURO6,DH71291,,,FALSE,FALSE,,,,,TRUE,FALSE,,,TRUE,Copenhagen Flight Services APS,,,,,,TRUE,TRUE,Element,GSE/Lists/AviatorGSERegister
CAR 00053,DH69388,Car (CAR),Picanto,Kia,CFS,,,,,,,,,,,,,,TRUE,,,3. Okay,Petrol,EURO6,DH69388,,,FALSE,FALSE,,,,,TRUE,FALSE,,,TRUE,Copenhagen Flight Services APS,,,,,,TRUE,TRUE,Element,GSE/Lists/AviatorGSERegister
CAR 00054,1,Car (CAR),Hiace,Toyota,CFS,,,,JT121JK1100045779,,2009,,,,20744,,,,TRUE,,,3. Okay,Diesel,EURO4,RF22912,,,TRUE,TRUE,,,,,TRUE,TRUE,,,TRUE,Copenhagen Flight Services APS,,,,,,TRUE,TRUE,Element,GSE/Lists/AviatorGSERegister
EBT 00129,20,Baggage tractor (EBT),TSII,Flensburg,CFS,,,,,,2011,,,,,,,,TRUE,,,3. Okay,Electric -> Emission N/A,,,,,TRUE,TRUE,,,,,TRUE,TRUE,,,TRUE,Copenhagen Flight Services APS,,,,,,TRUE,TRUE,Element,GSE/Lists/AviatorGSERegister
EBT 00130,22,Baggage tractor (EBT),TSII,Flensburg,CFS,,,,,,2011,,,,,,,,TRUE,,,1. Scrap,Electric -> Emission N/A,,,,,TRUE,TRUE,,,,,TRUE,TRUE,,,TRUE,Copenhagen Flight Services APS,,,,,,TRUE,TRUE,Element,GSE/Lists/AviatorGSERegister
EBT 00131,T108,Baggage tractor (EBT),TSII,Flensburg,CFS,,,,953 6,,1996,,,,,,,,TRUE,,,3. Okay,Electric -> Emission N/A,,,,,TRUE,TRUE,,,,,TRUE,TRUE,,,TRUE,Aviator Airport Partners A/S,,,,,,TRUE,TRUE,Element,GSE/Lists/AviatorGSERegister
EBT 00132,T111,Baggage tractor (EBT),TSII,Flensburg,CFS,,,,956 1,,1996,,"1,961",,,,,,TRUE,,,3. Okay,Electric -> Emission N/A,,,,,TRUE,TRUE,,,,,TRUE,TRUE,,,TRUE,Aviator Airport Partners A/S,,,,,,TRUE,TRUE,Element,GSE/Lists/AviatorGSERegister
OTH 00029,1,Other equipment (OTH),A/C wash eqpt,?,CFS,,,,,,2010,,,,,,,,TRUE,,,0. Scraped,,,,,,TRUE,TRUE,,,,,TRUE,TRUE,,,TRUE,Copenhagen Flight Services APS,,,,,,TRUE,TRUE,Element,GSE/Lists/AviatorGSERegister
OTH 00030,2,Other equipment (OTH),A/C wash eqpt,Alcon,CFS,,,,,,2015,,,,,,,,TRUE,,,0. Scraped,,,,,,TRUE,TRUE,,,,,TRUE,TRUE,,,TRUE,Copenhagen Flight Services APS,,,,,,TRUE,TRUE,Element,GSE/Lists/AviatorGSERegister
BCT 00001,144 st,Baggage cart (BCT),,Gartek,CFS,,,,,,,,,,,,,,TRUE,,,3. Okay,,,,,,TRUE,TRUE,,,,,TRUE,TRUE,,,TRUE,Copenhagen Flight Services APS,,,,,,TRUE,TRUE,Element,GSE/Lists/AviatorGSERegister
EBT 00001,T02,Baggage tractor (EBT),Linde P 250,NC.Nielsen,AAP,,,,51X127J00241,,2018,,,,,,,,TRUE,"3,928","4,228",4. Good condition,Electric -> Emission N/A,,RF10409,,,TRUE,TRUE,,,,,TRUE,TRUE,,,TRUE,Aviator Airport Partners A/S,,Operational lease,,,,TRUE,TRUE,Element,GSE/Lists/AviatorGSERegister
EBT 00002,T04,Baggage tractor (EBT),Linde P250,NC.Nielsen,AAP,,,,51X127J00252,,2018,,,,,,,,TRUE,"3,928","4,228",4. Good condition,Electric -> Emission N/A,,RF10411,,,TRUE,TRUE,,,,,TRUE,TRUE,,,TRUE,Aviator Airport Partners A/S,,Operational lease,,,,TRUE,TRUE,Element,GSE/Lists/AviatorGSERegister
EBT 00003,T05,Baggage tractor (EBT),Linde P250,NC.Nielsen,AAP,,,,51X127J00234,,2018,,,,,,,,TRUE,"3,928","4,228",4. Good condition,Electric -> Emission N/A,,RF10415,,,TRUE,TRUE,,,,,TRUE,TRUE,,,TRUE,Aviator Airport Partners A/S,,Operational lease,,,,TRUE,TRUE,Element,GSE/Lists/AviatorGSERegister
EBT 00004,T07,Baggage tractor (EBT),Linde P250,NC.Nielsen,AAP,,,,51X127J00250,,2018,,,,,,,,TRUE,"3,928","4,228",4. Good condition,Electric -> Emission N/A,,RF10414,,,TRUE,TRUE,,,,,TRUE,TRUE,,,TRUE,Aviator Airport Partners A/S,,Operational lease,,,,TRUE,TRUE,Element,GSE/Lists/AviatorGSERegister
EBT 00005,T08,Baggage tractor (EBT),Linde P250,NC.Nielsen,AAP,,,,51X127J00248,,2018,,,,,,,,TRUE,"3,928","4,228",4. Good condition,Electric -> Emission N/A,,RF10412,,,TRUE,TRUE,,,,,TRUE,TRUE,,,TRUE,Aviator Airport Partners A/S,,Operational lease,,,,TRUE,TRUE,Element,GSE/Lists/AviatorGSERegister
EBT 00006,T12,Baggage tractor (EBT),Linde P250,NC.Nielsen,AAP,,,,51X127J00239,,2018,,,,,,,,TRUE,"3,928","4,228",4. Good condition,Electric -> Emission N/A,,RF10423,,,TRUE,TRUE,,,,,TRUE,TRUE,,,TRUE,Aviator Airport Partners A/S,,Operational lease,,,,TRUE,TRUE,Element,GSE/Lists/AviatorGSERegister
EBT 00007,T09,Baggage tractor (EBT),Toyota,Toyota,AAP,,,,2TD2515504A,,2005,,,"21,920",,,,,TRUE,"3,400","3,700",3. Okay,Diesel,EURO3,RF22583,,,TRUE,TRUE,,,,,TRUE,TRUE,,,TRUE,Aviator Airport Alliance AB,,Operational lease,,,,TRUE,TRUE,Element,GSE/Lists/AviatorGSERegister
EBT 00008,T17,Baggage tractor (EBT),Toyota,Toyota,AAP,,,,2TD2515506,,2005,,,"21,133",,,,,TRUE,"3,400","3,700",3. Okay,Diesel,EURO3,RF22581,,,TRUE,TRUE,,,,,TRUE,TRUE,,,TRUE,Aviator Airport Alliance AB,,Operational lease,,,,TRUE,TRUE,Element,GSE/Lists/AviatorGSERegister
EBT 00009,T28,Baggage tractor (EBT),Toyota,Toyota,AAP,,,,2TD2519876,,2014,,,"4,796",,,,,TRUE,,"4,050",3. Okay,Diesel,EURO3,RF10202,,,TRUE,TRUE,,,,,TRUE,TRUE,,,TRUE,Aviator Airport Partners A/S,,No lease,,,,TRUE,TRUE,Element,GSE/Lists/AviatorGSERegister
EBT 00010,T29,Baggage tractor (EBT),Toyota,Toyota,AAP,,,,2TD2519870,,2014,,,"5,010",,,,,TRUE,,"4,050",3. Okay,Diesel,EURO3,RF10204,,,TRUE,TRUE,,,,,TRUE,TRUE,,,TRUE,Aviator Airport Partners A/S,,No lease,,,,TRUE,TRUE,Element,GSE/Lists/AviatorGSERegister
EBT 00011,T18,Baggage tractor (EBT),Toyota,Toyota,AAP,,,,2TD2515509A,,2005,,,"21,414",,,,,TRUE,"3,400","3,700",3. Okay,Diesel,EURO3,RF22582,,,TRUE,TRUE,,,,,TRUE,TRUE,,,TRUE,Aviator Airport Alliance AB,,Operational lease,,,,TRUE,TRUE,Element,GSE/Lists/AviatorGSERegister
EBT 00012,T24,Baggage tractor (EBT),Toyota,Toyota,AAP,,,,2TD2519863,,2014,,,"4,914",,,,,TRUE,,"4,050",3. Okay,Diesel,EURO3,RF10203,,,TRUE,TRUE,,,,,TRUE,TRUE,,,TRUE,Aviator Airport Partners A/S,,No lease,,,,TRUE,TRUE,Element,GSE/Lists/AviatorGSERegister
CAR 00001,M01,Car (CAR),Multivan,VW,AAP,,,,WV2ZZZ7HZ5H063400,,2005,,,,195000,,,,TRUE,,,3. Okay,Diesel,EURO3,RF23072,,,TRUE,TRUE,,,,,TRUE,TRUE,,,TRUE,Aviator Airport Alliance AB,,Operational lease,,,,TRUE,TRUE,Element,GSE/Lists/AviatorGSERegister
CAR 00002,M02,Car (CAR),Transporter,VW,AAP,,,,WV2ZZZ70ZXH147166,,1999,,,,146747,,,,FALSE,,,0. Scraped,Diesel,EURO3,PZ95507,,,TRUE,TRUE,,,,,TRUE,TRUE,,,TRUE,Aviator Airport Alliance AB,,Operational lease,,,,TRUE,TRUE,Element,GSE/Lists/AviatorGSERegister
CAR 00005,M04,Car (CAR),Corsa,Opel,AAP,,,,W0L0SDL68B4317468,,2011,,,,25033,,,,TRUE,,,1. Scrap,Petrol,EURO5,RF22982,,,TRUE,TRUE,,,,,TRUE,TRUE,,,TRUE,Aviator Airport Alliance AB,,Operational lease,,,,TRUE,TRUE,Element,GSE/Lists/AviatorGSERegister
CAR 00004,M07,Car (CAR),Corsa,Opel,AAP,,,,W0L0SDL68B4315554,,2011,,,,25472,,,,TRUE,,,1. Scrap,Petrol,EURO5,RF22983,,,TRUE,TRUE,,,,,TRUE,TRUE,,,TRUE,Aviator Airport Alliance AB,,Operational lease,,,,TRUE,TRUE,Element,GSE/Lists/AviatorGSERegister
CAR 00003,M09,Car (CAR),Transit 300M,Ford,AAP,,,,WF0XXXTTFX8S49423,,2009,,,,194001,,,,TRUE,,,0. Scraped,Diesel,EURO3,AV27979,,,TRUE,TRUE,,,,,TRUE,TRUE,,,TRUE,Aviator Airport Partners A/S,,No lease,,,,TRUE,TRUE,Element,GSE/Lists/AviatorGSERegister
CAR 00006,M12,Car (CAR),Zafia,Opel,AAP,,,,W0L0TGF7512107683,,2001,,,,307813,,,,TRUE,,,0. Scraped,Petrol,EURO4,RS92252,,,TRUE,TRUE,,,,,TRUE,TRUE,,,TRUE,Aviator Airport Alliance AB,,Operational lease,,,,TRUE,TRUE,Element,GSE/Lists/AviatorGSERegister
CAR 00007,M18,Car (CAR),Transporter,VW,AAP,,,,WV2ZZZ7HZKH023038,,2018,,,,,,,,TRUE,,,5. Very good condition,Diesel,EURO6,RF10615,,,TRUE,TRUE,,,,,TRUE,TRUE,,,TRUE,Aviator Airport Alliance AB,,Operational lease,,,,TRUE,TRUE,Element,GSE/Lists/AviatorGSERegister
CAR 00008,M25,Car (CAR),Corsa,Opel,AAP,,,,W0L0SDL68B4322670,,2011,,,,50629,,,,TRUE,,,1. Scrap,Petrol,EURO5,RF22986,,,TRUE,TRUE,,,,,TRUE,TRUE,,,TRUE,Aviator Airport Alliance AB,,Operational lease,,,,TRUE,TRUE,Element,GSE/Lists/AviatorGSERegister
CAR 00009,M26,Car (CAR),Polo,VW,AAP,,,,WVWZZZ6NZ6D042518,,2005,,,,171979,,,,TRUE,,,1. Scrap,Diesel,EURO3,RF22887,,,TRUE,TRUE,,,,,TRUE,TRUE,,,TRUE,Aviator Airport Partners A/S,,No lease,,,,TRUE,TRUE,Element,GSE/Lists/AviatorGSERegister
CAR 00010,M28,Car (CAR),Berlingo,Citroen,AAP,,,,VF7GCKFWC94307841,,2007,,,,79089,,,,FALSE,,,0. Scraped,Petrol,EURO4,CG94042,,,TRUE,TRUE,,,,,TRUE,TRUE,,,TRUE,Aviator Airport Alliance AB,,Operational lease,,,,TRUE,TRUE,Element,GSE/Lists/AviatorGSERegister
AHU 00001,H01,Airplane heater unit (AHU),GSH-1,Polar,AAP,,,,2118-0086,,2010,,,"1,283",,,,,TRUE,,,3. Okay,Diesel,,,,,TRUE,TRUE,,,,,TRUE,TRUE,,,TRUE,Aviator Airport Alliance AB,,Operational lease,,,,TRUE,TRUE,Element,GSE/Lists/AviatorGSERegister
AHU 00002,H02,Airplane heater unit (AHU),GSH-1,Polar,AAP,,,,2118-0085,,2010,,,"1,278",,,,,TRUE,,,3. Okay,Diesel,,,,,TRUE,TRUE,,,,,TRUE,TRUE,,,TRUE,Aviator Airport Alliance AB,,Operational lease,,,,TRUE,TRUE,Element,GSE/Lists/AviatorGSERegister
AHU 00003,H03,Airplane heater unit (AHU),GSH-1,Polar,AAP,,,,2118-0003,,2004,,,"7,922",,,,,TRUE,,,3. Okay,Diesel,,,,,TRUE,TRUE,,,,,TRUE,TRUE,,,TRUE,Aviator Airport Alliance AB,,Operational lease,,,,TRUE,TRUE,Element,GSE/Lists/AviatorGSERegister
AHU 00004,H04,Airplane heater unit (AHU),GSH-1,Polar,AAP,,,,2118-0019,,2007,,,"2,748",,,,,TRUE,,,3. Okay,Diesel,,,,,TRUE,TRUE,,,,,TRUE,TRUE,,,TRUE,Aviator Airport Alliance AB,,Operational lease,,,,TRUE,TRUE,Element,GSE/Lists/AviatorGSERegister
OTH 00001,T58,Other equipment (OTH),Fork Lift,Linde,AAP,,,,G1X336R01517,,2004,,,"5,410",,,,,TRUE,,,3. Okay,Electric -> Emission N/A,,,,,TRUE,TRUE,,,,,TRUE,TRUE,,,TRUE,Aviator Airport Partners A/S,,No lease,,,,TRUE,TRUE,Element,GSE/Lists/AviatorGSERegister
ASU 00001,J01,Air starter unit (ASU),LPA6/300/C/S/SK,ADE,AAP,,,,505428-45330,,2010,1992,,"6,613",,,,,TRUE,,,3. Okay,Diesel,EURO3,,,,TRUE,TRUE,,,Double 42psi     300lb,,TRUE,TRUE,,,TRUE,Aviator Airport Alliance AB,,Operational lease,,,,TRUE,TRUE,Element,GSE/Lists/AviatorGSERegister
OTH 00002,290 stk,Other equipment (OTH),Baggage trolly,,AAP,,,,,,,,,,,,,,TRUE,,,3. Okay,,,,,,TRUE,TRUE,,,,,TRUE,TRUE,,,TRUE,Aviator Airport Partners A/S,,No lease,,,,TRUE,TRUE,Element,GSE/Lists/AviatorGSERegister
DOT 00001,167 stk,Dolly trailer (DOT),small,,AAP,,,,,,,,,,,,,,TRUE,,,3. Okay,,,,,,TRUE,TRUE,,,,,TRUE,TRUE,,,TRUE,Aviator Airport Partners A/S,,No lease,,,,TRUE,TRUE,Element,GSE/Lists/AviatorGSERegister
DOT 00002,73 stk,Dolly trailer (DOT),Large,,AAP,,,,,,,,,,,,,,TRUE,,,3. Okay,,,,,,TRUE,TRUE,,,,,TRUE,TRUE,,,TRUE,Aviator Airport Partners A/S,,No lease,,,,TRUE,TRUE,Element,GSE/Lists/AviatorGSERegister
TOW 00001,1,Towbar (TOW),,Mannfred-fladung,AAP,,,,0105195/3,,,,,,,,,,TRUE,,,3. Okay,,,,,,TRUE,TRUE,,B747,,,TRUE,TRUE,,,TRUE,Aviator Airport Partners A/S,,No lease,,,,TRUE,TRUE,Element,GSE/Lists/AviatorGSERegister
TOW 00002,4,Towbar (TOW),,Tronair,AAP,,,,4128 9,,,,,,,,,,TRUE,,,3. Okay,,,,,,TRUE,TRUE,,Auro,,,TRUE,TRUE,,,TRUE,Aviator Airport Partners A/S,,No lease,,,,TRUE,TRUE,Element,GSE/Lists/AviatorGSERegister
TOW 00003,5,Towbar (TOW),,NA,AAP,,,,NA,,,1990,,,,,,,TRUE,,,3. Okay,,,,,,TRUE,TRUE,,DC9/MD80,,,TRUE,TRUE,,,TRUE,Aviator Airport Partners A/S,,No lease,,,,TRUE,TRUE,Element,GSE/Lists/AviatorGSERegister
TOW 00004,9,Towbar (TOW),,Hydro,AAP,,,,973197 6,,,2009,,,,,,,TRUE,,,3. Okay,,,,,,TRUE,TRUE,,Emb170-190,,,TRUE,TRUE,,,TRUE,Aviator Airport Alliance AB,,Operational lease,,,,TRUE,TRUE,Element,GSE/Lists/AviatorGSERegister
TOW 00005,10,Towbar (TOW),,Hycom,AAP,,,,NA,,,,,,,,,,TRUE,,,3. Okay,,,,,,TRUE,TRUE,,A320,,,TRUE,TRUE,,,TRUE,Aviator Airport Partners A/S,,No lease,,,,TRUE,TRUE,Element,GSE/Lists/AviatorGSERegister
TOW 00006,11,Towbar (TOW),,Strüwing,AAP,,,,JS A,,,2009,,,,,,,TRUE,,,3. Okay,,,,,,TRUE,TRUE,,A320,,,TRUE,TRUE,,,TRUE,Aviator Airport Alliance AB,,Operational lease,,,,TRUE,TRUE,Element,GSE/Lists/AviatorGSERegister
TOW 00007,12,Towbar (TOW),,Hydro,AAP,,,,1150 7,,,1992,,,,,,,TRUE,,,3. Okay,,,,,,TRUE,TRUE,,F70/100,,,TRUE,TRUE,,,TRUE,Aviator Airport Alliance AB,,Operational lease,,,,TRUE,TRUE,Element,GSE/Lists/AviatorGSERegister
TOW 00008,13,Towbar (TOW),,Strüwing,AAP,,,,05 10 1,,,,,,,,,,TRUE,,,3. Okay,,,,,,TRUE,TRUE,,A320,,,TRUE,TRUE,,,TRUE,Aviator Airport Alliance AB,,Operational lease,,,,TRUE,TRUE,Element,GSE/Lists/AviatorGSERegister
TOW 00009,14,Towbar (TOW),,Strüwing,AAP,,,,06 04 2,,,,,,,,,,TRUE,,,3. Okay,,,,,,TRUE,TRUE,,B737,,,TRUE,TRUE,,,TRUE,Aviator Airport Alliance AB,,Operational lease,,,,TRUE,TRUE,Element,GSE/Lists/AviatorGSERegister
TOW 00010,15,Towbar (TOW),,Strüwing,AAP,,,,12 08,,,,,,,,,,TRUE,,,3. Okay,,,,,,TRUE,TRUE,,Emb170,,,TRUE,TRUE,,,TRUE,Aviator Airport Alliance AB,,Operational lease,,,,TRUE,TRUE,Element,GSE/Lists/AviatorGSERegister
TOW 00011,16,Towbar (TOW),,Hydro,AAP,,,,970655 1,,,,,,,,,,TRUE,,,3. Okay,,,,,,TRUE,TRUE,,A320,,,TRUE,TRUE,,,TRUE,Aviator Airport Alliance AB,,Operational lease,,,,TRUE,TRUE,Element,GSE/Lists/AviatorGSERegister
TOW 00012,17,Towbar (TOW),,Strüwing,AAP,,,,3 99,,,,,,,,,,TRUE,,,3. Okay,,,,,,TRUE,TRUE,,Bae 146,,,TRUE,TRUE,,,TRUE,Aviator Airport Alliance AB,,Operational lease,,,,TRUE,TRUE,Element,GSE/Lists/AviatorGSERegister
TOW 00013,19,Towbar (TOW),,Hydro,AAP,,,,9706 998,,,2001,,,,,,,TRUE,,,3. Okay,,,,,,TRUE,TRUE,,A330,,,TRUE,TRUE,,,TRUE,Aviator Airport Alliance AB,,Operational lease,,,,TRUE,TRUE,Element,GSE/Lists/AviatorGSERegister
TOW 00014,20,Towbar (TOW),,Strüwing,AAP,,,,1113TT,,,,,,,,,,TRUE,,,1. Scrap,,,,,,TRUE,TRUE,,B737,,,TRUE,TRUE,,,TRUE,Aviator Airport Alliance AB,,Operational lease,,,,TRUE,TRUE,Element,GSE/Lists/AviatorGSERegister
TOW 00015,21,Towbar (TOW),,JMS,AAP,,,,10882 01,,,2013,,,,,,,TRUE,,,3. Okay,,,,,,TRUE,TRUE,,B747,,,TRUE,TRUE,,,TRUE,Aviator Airport Alliance AB,,Operational lease,,,,TRUE,TRUE,Element,GSE/Lists/AviatorGSERegister
TOW 00016,22,Towbar (TOW),,Clyde,AAP,,,,15052 9,,,2008,,,,,,,TRUE,,,3. Okay,,,,,,TRUE,TRUE,,B767,,,TRUE,TRUE,,,TRUE,Aviator Airport Alliance AB,,Operational lease,,,,TRUE,TRUE,Element,GSE/Lists/AviatorGSERegister
TOW 00017,23,Towbar (TOW),,Strüwing,AAP,,,,NA,,,,,,,,,,TRUE,,,3. Okay,,,,,,TRUE,TRUE,,A318 A302,,,TRUE,TRUE,,,TRUE,Aviator Airport Alliance AB,,Operational lease,,,,TRUE,TRUE,Element,GSE/Lists/AviatorGSERegister
TOW 00018,25,Towbar (TOW),,Strüwing,AAP,,,,12 101,,,2008,,,,,,,TRUE,,,1. Scrap,,,,,,TRUE,TRUE,,Embra,,,TRUE,TRUE,,,TRUE,Aviator Airport Partners A/S,,No lease,,,,TRUE,TRUE,Element,GSE/Lists/AviatorGSERegister
TOW 00019,27,Towbar (TOW),,JMS,AAP,,,,10254 01,,,2011,,,,,,,TRUE,,,3. Okay,,,,,,TRUE,TRUE,,B777 B787,,,TRUE,TRUE,,,TRUE,Aviator Airport Alliance AB,,Operational lease,,,,TRUE,TRUE,Element,GSE/Lists/AviatorGSERegister
TOW 00020,28,Towbar (TOW),,Strüwing,AAP,,,,5 91,,,1991,,,,,,,TRUE,,,3. Okay,,,,,,TRUE,TRUE,,B737,,,TRUE,TRUE,,,TRUE,Aviator Airport Partners A/S,,No lease,,,,TRUE,TRUE,Element,GSE/Lists/AviatorGSERegister
TOW 00021,29,Towbar (TOW),,JMS,AAP,,,,10786 2,,,2013,,,,,,,TRUE,,,3. Okay,,,,,,TRUE,TRUE,,B777 B787,,,TRUE,TRUE,,,TRUE,Aviator Airport Alliance AB,,Operational lease,,,,TRUE,TRUE,Element,GSE/Lists/AviatorGSERegister
TOW 00022,30,Towbar (TOW),,JMS,AAP,,,,10786 1,,,2013,,,,,,,TRUE,,,3. Okay,,,,,,TRUE,TRUE,,B777 B787,,,TRUE,TRUE,,,TRUE,Aviator Airport Partners A/S,,No lease,,,,TRUE,TRUE,Element,GSE/Lists/AviatorGSERegister
TOW 00023,31,Towbar (TOW),,Hydro,AAP,,,,970766 5,,,2000,,,,,,,TRUE,,,3. Okay,,,,,,TRUE,TRUE,,A319 A321,,,TRUE,TRUE,,,TRUE,Aviator Airport Alliance AB,,Operational lease,,,,TRUE,TRUE,Element,GSE/Lists/AviatorGSERegister
TOW 00024,33,Towbar (TOW),,JMS,AAP,,,,J1021415,,,2015,,,,,,,TRUE,,,3. Okay,,,,,,TRUE,TRUE,,A380,,,TRUE,TRUE,,,TRUE,Aviator Airport Partners A/S,,No lease,,,,TRUE,TRUE,Element,GSE/Lists/AviatorGSERegister
TOW 00025,34,Towbar (TOW),,JMS,AAP,,,,J1027217,,,2017,,,,,,,TRUE,,,3. Okay,,,,,,TRUE,TRUE,,DAS8-400,,,TRUE,TRUE,,,TRUE,Aviator Airport Partners A/S,,No lease,,,,TRUE,TRUE,Element,GSE/Lists/AviatorGSERegister
TOW 00026,35,Towbar (TOW),,JMS,AAP,,,,J1027117,,,2017,,,,,,,TRUE,,,3. Okay,,,,,,TRUE,TRUE,,ERJ135 145,,,TRUE,TRUE,,,TRUE,Aviator Airport Partners A/S,,No lease,,,,TRUE,TRUE,Element,GSE/Lists/AviatorGSERegister
TOW 00027,36,Towbar (TOW),,Tronair,AAP,,,,169848 9,,,1999,,,,,,,TRUE,,,3. Okay,,,,,,TRUE,TRUE,,ERJ135 145,,,TRUE,TRUE,,,TRUE,Aviator Airport Partners A/S,,No lease,,,,TRUE,TRUE,Element,GSE/Lists/AviatorGSERegister
TOW 00028,37,Towbar (TOW),,Strüwing,AAP,,,,0818 1,,,2018,,,,,,,TRUE,,,3. Okay,,,,,,TRUE,TRUE,,CRJ 1 2 7 9,,,TRUE,TRUE,,,TRUE,Aviator Airport Partners A/S,,No lease,,,,TRUE,TRUE,Element,GSE/Lists/AviatorGSERegister
TOW 00029,38,Towbar (TOW),,Strüwing,AAP,,,,0818 2,,,2018,,,,,,,TRUE,,,3. Okay,,,,,,TRUE,TRUE,,CRJ 1 2 7 9,,,TRUE,TRUE,,,TRUE,Aviator Airport Partners A/S,,No lease,,,,TRUE,TRUE,Element,GSE/Lists/AviatorGSERegister
TOW 00030,39,Towbar (TOW),,JMS,AAP,,,,J1008719,,,2019,,,,,,,TRUE,,,3. Okay,,,,,,TRUE,TRUE,,A330-A340,,,TRUE,TRUE,,,TRUE,Aviator Airport Partners A/S,,No lease,,,,TRUE,TRUE,Element,GSE/Lists/AviatorGSERegister
TOW 00031,40,Towbar (TOW),,NA,AAP,,,,NA,,,,,,,,,,TRUE,,,3. Okay,,,,,,TRUE,TRUE,,B767,,,TRUE,TRUE,,,TRUE,Aviator Airport Partners A/S,,No lease,,,,TRUE,TRUE,Element,GSE/Lists/AviatorGSERegister
OTH 00003,1T,Other equipment (OTH),Tail Stand,Wasp,AAP,,,,13574 3,,,1999,,,,,,,TRUE,,,3. Okay,,,,,,TRUE,TRUE,,,,,TRUE,TRUE,,,TRUE,Aviator Airport Alliance AB,,Operational lease,,,,TRUE,TRUE,Element,GSE/Lists/AviatorGSERegister
OTH 00004,2T,Other equipment (OTH),Tail Stand,Wasp,AAP,,,,19526 9,,,2008,,,,,,,TRUE,,,3. Okay,,,,,,TRUE,TRUE,,,,,TRUE,TRUE,,,TRUE,Aviator Airport Alliance AB,,Operational lease,,,,TRUE,TRUE,Element,GSE/Lists/AviatorGSERegister
OTH 00005,2,Other equipment (OTH),Stringo,,AAP,,,,,,,2014,,,,,,,TRUE,,,3. Okay,,,,,,TRUE,TRUE,,,,,TRUE,TRUE,,,TRUE,Aviator Airport Alliance AB,,Operational lease,,,,TRUE,TRUE,Element,GSE/Lists/AviatorGSERegister
OTH 00006,1,Other equipment (OTH),Stringo,,AAP,,,,,,,2014,,,,,,,TRUE,,,3. Okay,,,,,,TRUE,TRUE,,,,,TRUE,TRUE,,,TRUE,Aviator Airport Alliance AB,,Operational lease,,,,TRUE,TRUE,Element,GSE/Lists/AviatorGSERegister
OTH 00007,D02,Other equipment (OTH),Water Drain Barrel,,AAP,,,,,,,,,,,,,,TRUE,,,3. Okay,,,,,,TRUE,TRUE,,,,,TRUE,TRUE,,,TRUE,Aviator Airport Partners A/S,,No lease,,,,TRUE,TRUE,Element,GSE/Lists/AviatorGSERegister
OTH 00008,D03,Other equipment (OTH),Water Drain Barrel,,AAP,,,,,,,,,,,,,,TRUE,,,3. Okay,,,,,,TRUE,TRUE,,,,,TRUE,TRUE,,,TRUE,Aviator Airport Partners A/S,,No lease,,,,TRUE,TRUE,Element,GSE/Lists/AviatorGSERegister
MPS 00001,P01,Manual passenger stair (MPS),Passenger Steps,WSM,AAP,,,,WMS14415/00101,,2009,,,,,,,,TRUE,,,3. Okay,,,,,,TRUE,TRUE,,,,,TRUE,TRUE,,2300-5800,TRUE,Aviator Airport Alliance AB,,Operational lease,,,,TRUE,TRUE,Element,GSE/Lists/AviatorGSERegister
MPS 00002,P02,Manual passenger stair (MPS),Passenger Steps,ADE,AAP,,,,8610967-22,,1987,,,,,,,,TRUE,,,3. Okay,,,,,,TRUE,TRUE,,,,,TRUE,TRUE,,2438-5278,TRUE,Aviator Airport Alliance AB,,Operational lease,,,,TRUE,TRUE,Element,GSE/Lists/AviatorGSERegister
MPS 00003,P03,Manual passenger stair (MPS),Passenger Steps,ADE,AAP,,,,861097-1,,1989,,,,,,,,TRUE,,,3. Okay,,,,,,TRUE,TRUE,,,,,TRUE,TRUE,,2438-5278,TRUE,Aviator Airport Alliance AB,,Operational lease,,,,TRUE,TRUE,Element,GSE/Lists/AviatorGSERegister
MPS 00004,P05,Manual passenger stair (MPS),Passenger Steps,ADE,AAP,,,,9754-3,,1981,,,,,,,,TRUE,,,3. Okay,,,,,,TRUE,TRUE,,,,,TRUE,TRUE,,,TRUE,Aviator Airport Partners A/S,,No lease,,,,TRUE,TRUE,Element,GSE/Lists/AviatorGSERegister
MPS 00005,P09,Manual passenger stair (MPS),Passenger Steps,Stoti,AAP,,,,,,2009,,,,,,,,TRUE,,,3. Okay,,,,,,TRUE,TRUE,,,,,TRUE,TRUE,,,TRUE,Aviator Airport Partners A/S,,No lease,,,,TRUE,TRUE,Element,GSE/Lists/AviatorGSERegister
MPS 00006,P18,Manual passenger stair (MPS),Passenger Steps,Jet Ramp LR,AAP,,,,OC100062,,2009,,,,,,,,TRUE,,,3. Okay,,,,,,TRUE,TRUE,,,,,TRUE,TRUE,,,TRUE,Aviator Airport Alliance AB,,Operational lease,,,,TRUE,TRUE,Element,GSE/Lists/AviatorGSERegister
MPS 00007,P19,Manual passenger stair (MPS),Passenger Steps,Jet Ramp LR,AAP,,,,OC100061,,2009,,,,,,,,TRUE,,,3. Okay,,,,,,TRUE,TRUE,,,,,TRUE,TRUE,,1800-3750,TRUE,Aviator Airport Alliance AB,,Operational lease,,,,TRUE,TRUE,Element,GSE/Lists/AviatorGSERegister
MPS 00008,P20,Manual passenger stair (MPS),Passenger Steps,Jet Ramp LR,AAP,,,,OC070034-2,,2006,,,,,,,,TRUE,,,3. Okay,,,,,,TRUE,TRUE,,,,,TRUE,TRUE,,,TRUE,Aviator Airport Alliance AB,,Operational lease,,,,TRUE,TRUE,Element,GSE/Lists/AviatorGSERegister
MPS 00009,P21,Manual passenger stair (MPS),Passenger Steps,Jet Ramp LR,AAP,,,,OC070034-4,,2006,,,,,,,,TRUE,,,3. Okay,,,,,,TRUE,TRUE,,,,,TRUE,TRUE,,,TRUE,Aviator Airport Partners A/S,,No lease,,,,TRUE,TRUE,Element,GSE/Lists/AviatorGSERegister
MPS 00010,P23,Manual passenger stair (MPS),Passenger Steps,Jet Ramp MR,AAP,,,,10 030550,,1996,,,,,,,,TRUE,,,3. Okay,,,,,,TRUE,TRUE,,,,,TRUE,TRUE,,2500-4500,TRUE,Aviator Airport Alliance AB,,Operational lease,,,,TRUE,TRUE,Element,GSE/Lists/AviatorGSERegister
MPS 00011,P24,Manual passenger stair (MPS),Passenger Steps,SWL,AAP,,,,10 030514,,1996,,,,,,,,TRUE,,,3. Okay,,,,,,TRUE,TRUE,,,,,TRUE,TRUE,,2500-4500,TRUE,Aviator Airport Alliance AB,,Operational lease,,,,TRUE,TRUE,Element,GSE/Lists/AviatorGSERegister
SPS 00001,P25,Self propelled passenger stair (SPS),Smart steps,JBT,AAP,,,,809 9,,2009,,,"2,190",,,,,TRUE,,,3. Okay,Diesel,EURO3,,,,TRUE,TRUE,,,,,TRUE,TRUE,,2470-5700,TRUE,Aviator Airport Alliance AB,,Operational lease,,,,TRUE,TRUE,Element,GSE/Lists/AviatorGSERegister
MPS 00012,P26,Manual passenger stair (MPS),Passenger Steps,Jet Ramp LR,AAP,,,,OC100064-1,,2010,,,,,,,,TRUE,,,3. Okay,,,,,,TRUE,TRUE,,,,,TRUE,TRUE,,1800-3750,TRUE,Aviator Airport Alliance AB,,Operational lease,,,,TRUE,TRUE,Element,GSE/Lists/AviatorGSERegister
MPS 00013,P27,Manual passenger stair (MPS),Passenger Steps,Jet Ramp LR,AAP,,,,OC100064-2,,2010,,,,,,,,TRUE,,,3. Okay,,,,,,TRUE,TRUE,,,,,TRUE,TRUE,,1800-3750,TRUE,Aviator Airport Alliance AB,,Operational lease,,,,TRUE,TRUE,Element,GSE/Lists/AviatorGSERegister
WSU 00001,M16,Water service unit (WSU),Ateco 818,Mercedes/Vestergaad,AAP,,3/11/2021,3/11/2021,WDB970013L536725,1548,2011,2011,,"8,785",109500,,,,TRUE,,,3. Okay,Diesel,EURO5,RF10155,,,TRUE,TRUE,Medium (Toilet/Water truck),,,,TRUE,TRUE,,,TRUE,Aviator Airport Alliance AB,,Operational lease,,,,TRUE,TRUE,Element,GSE/Lists/AviatorGSERegister
OTH 00009,M15,Other equipment (OTH),FL280 Fuel Truck,Volvo/Blicon,AAP,,,,YV2TBL0A89B547395,11537,2009,2009,,,94438,,,,TRUE,"6,025","12,000",4. Good condition,Diesel,EURO5,XN88142,,,TRUE,TRUE,,,,,TRUE,TRUE,,,TRUE,Aviator Airport Alliance AB,,Operational lease,,,,TRUE,TRUE,Element,GSE/Lists/AviatorGSERegister
OTH 00010,0,Other equipment (OTH),3505UX,Brenderup,AAP,,,,UH20SPU52XN474396,,1998,,,,,,,,TRUE,,"3,500",3. Okay,,,DY9663,,,TRUE,TRUE,,,,,TRUE,TRUE,,,TRUE,Aviator Airport Partners A/S,,No lease,,,,TRUE,TRUE,Element,GSE/Lists/AviatorGSERegister
TSU 00001,M17,Toilet service unit (TSU),FL240,Volvo/Vestergaard,AAP,,11/10/2020,11/10/2020,YV2TBM0AAX7B481869,1395,2009,2009,,"23,567",204500,,,,TRUE,,"12,000",4. Good condition,Diesel,EURO5,RF22915,,,TRUE,TRUE,Medium (Toilet/Water truck),,,,TRUE,TRUE,,,TRUE,Aviator Airport Partners A/S,,No lease,,,,TRUE,TRUE,Element,GSE/Lists/AviatorGSERegister
EBT 00013,T39,Baggage tractor (EBT),Ateco,Mercedes/Volby,AAP,,3/23/2021,3/23/2021,WDB9702831L541585,,2011,2011,,,321000,,,,TRUE,,"11,990",3. Okay,Diesel,EURO5,RF23011,,,TRUE,TRUE,,,,,TRUE,TRUE,,,TRUE,Aviator Airport Partners A/S,,No lease,,,,TRUE,TRUE,Element,GSE/Lists/AviatorGSERegister
EBT 00014,T40,Baggage tractor (EBT),Ateco,Mercedes/Volby,AAP,,2/14/2021,1/14/2021,WDB9702831L541584,,2011,2011,,,335120,,,,TRUE,,"11,990",3. Okay,Diesel,EURO5,RF23010,,,TRUE,TRUE,,,,,TRUE,TRUE,,,TRUE,Aviator Airport Partners A/S,,No lease,,,,TRUE,TRUE,Element,GSE/Lists/AviatorGSERegister
OTH 00011,T59,Other equipment (OTH),Fork Lift,Linde E35 03,AAP,,,,G1X336W51428,,,2009,,"7,201",,,,,TRUE,,,3. Okay,Electric -> Emission N/A,,,,,TRUE,TRUE,,,,,TRUE,TRUE,,,TRUE,Aviator Airport Partners A/S,,Operational lease,,,,TRUE,TRUE,Element,GSE/Lists/AviatorGSERegister
GPU 00001,G04,Ground power unit (GPU),GPU90,Hitzinger,AAP,,,,14578 2,,,2017,,"2,789",,,,,TRUE,,,3. Okay,Diesel,EURO3,,,,TRUE,TRUE,,,,"115V, 90 kVA",TRUE,TRUE,,,TRUE,Aviator Airport Alliance AB,,Operational lease,,,,TRUE,TRUE,Element,GSE/Lists/AviatorGSERegister
GPU 00002,G05,Ground power unit (GPU),GPU140,Hitzinger,AAP,,,,12402 8,,,2009,,"13,176",,,,,TRUE,,,3. Okay,Diesel,EURO3,,,,TRUE,TRUE,,,,"28 / 115V , kVA (60, 90)",TRUE,TRUE,,,TRUE,Aviator Airport Alliance AB,,Operational lease,,,,TRUE,TRUE,Element,GSE/Lists/AviatorGSERegister
GPU 00003,G06,Ground power unit (GPU),GPU100,Hitzinger,AAP,,,,13231 3,,,2009,,"5,095",,,,,TRUE,,,3. Okay,Diesel,EURO3,,,,TRUE,TRUE,,,,"115V, 90 kVA",TRUE,TRUE,,,TRUE,Aviator Airport Alliance AB,,Operational lease,,,,TRUE,TRUE,Element,GSE/Lists/AviatorGSERegister
PBT 00001,T60,Push back tractor (PBT),F356,Schopf,AAP,,,,84043LFF,,,1982,,"9,050",,,,,TRUE,"50,000","50,000",0. Scraped,Diesel,EURO3,,,,TRUE,TRUE,,,,,TRUE,TRUE,,,TRUE,Aviator Airport Alliance AB,,Operational lease,,,,TRUE,TRUE,Element,GSE/Lists/AviatorGSERegister
PBT 00002,T61,Push back tractor (PBT),F246,Schopf,AAP,,,,F24691068,,,1991,,"24,754",,,,,TRUE,"20,000","20,000",3. Okay,Diesel,EURO3,,,,TRUE,TRUE,,,,,TRUE,TRUE,,,TRUE,Aviator Airport Alliance AB,,Operational lease,,,,TRUE,TRUE,Element,GSE/Lists/AviatorGSERegister
PBT 00003,T64,Push back tractor (PBT),F246,Schopf,AAP,,,,,,,1993,,"26,954",,,,,TRUE,"20,000","20,000",3. Okay,Diesel,EURO3,,,,TRUE,TRUE,,,,,TRUE,TRUE,,,TRUE,Aviator Airport Alliance AB,,Operational lease,,,,TRUE,TRUE,Element,GSE/Lists/AviatorGSERegister
TBL 00001,T66,Towbar less tractor (TBL),TBL180,Kalmar,AAP,,1/25/2021,,TBL1802047,,,1996,,"20,189",,,,,TRUE,,,3. Okay,Diesel,EURO3,,,,TRUE,TRUE,,,,,TRUE,TRUE,,,TRUE,Aviator Airport Alliance AB,,Operational lease,,,,TRUE,TRUE,Element,GSE/Lists/AviatorGSERegister
TBL 00002,T67,Towbar less tractor (TBL),TBL180,Kalmar,AAP,,,,,,,1998,,"17,908",,,,,TRUE,,,3. Okay,Diesel,EURO3,,,,TRUE,TRUE,,,,,TRUE,TRUE,,,TRUE,Aviator Airport Alliance AB,,Operational lease,,,,TRUE,TRUE,Element,GSE/Lists/AviatorGSERegister
PBT 00004,T68,Push back tractor (PBT),FB15000,Kalmar,AAP,,,,212 7,,,1999,,,,,,,TRUE,"15,000","15,000",3. Okay,Diesel,EURO3,,,,TRUE,TRUE,,,,,TRUE,TRUE,,,TRUE,Aviator Airport Alliance AB,,Operational lease,,,,TRUE,TRUE,Element,GSE/Lists/AviatorGSERegister
PBT 00005,T70,Push back tractor (PBT),B1200,FMC,AAP,,,,B12DZ99015,,,1999,,"14,762",,,,,TRUE,"55,000","55,000",3. Okay,Diesel,EURO3,,,,TRUE,TRUE,,,,,TRUE,TRUE,,,TRUE,Aviator Airport Alliance AB,,Operational lease,,,,TRUE,TRUE,Element,GSE/Lists/AviatorGSERegister
TBL 00003,T71,Towbar less tractor (TBL),TBL180,Kalmar,AAP,,,,208 7,,,1998,,"18,037",,,,,TRUE,,,0. Scraped,Diesel,EURO3,,,,TRUE,TRUE,,,,,TRUE,TRUE,,,TRUE,Aviator Airport Alliance AB,,Operational lease,,,,TRUE,TRUE,Element,GSE/Lists/AviatorGSERegister
PBT 00006,T72,Push back tractor (PBT),F110,Schopf,AAP,,3/12/2021,,200706 1,,,2005,,"14,713",,,,,TRUE,"15,000","15,000",3. Okay,Diesel,EURO3,,,,TRUE,TRUE,,,,,TRUE,TRUE,,,TRUE,Aviator Airport Alliance AB,,Operational lease,,,,TRUE,TRUE,Element,GSE/Lists/AviatorGSERegister
PBT 00007,T73,Push back tractor (PBT),F110,Schopf,AAP,,,,200610 2,,,2006,,"13,890",,,,,TRUE,"15,000","15,000",3. Okay,Diesel,EURO3,,,,TRUE,TRUE,,,,,TRUE,TRUE,,,TRUE,Aviator Airport Alliance AB,,Operational lease,,,,TRUE,TRUE,Element,GSE/Lists/AviatorGSERegister
TBL 00004,T74,Towbar less tractor (TBL),TBL180,Kalmar,AAP,,,,2019,,,1994,,"22,452",,,,,TRUE,,,0. Scraped,Diesel,EURO3,,,,TRUE,TRUE,,,,,TRUE,TRUE,,,TRUE,Aviator Airport Alliance AB,,Operational lease,,,,TRUE,TRUE,Element,GSE/Lists/AviatorGSERegister
BLS 00001,B01,Belt loader snake (BLS),"Orbiter 7,5 E",Mulag/Power stow,AAP,,9/28/2020,9/28/2020,09F026830,89,2009,2009,"18,270","19,571",,,,,TRUE,,,2. Usable,Electric -> Emission N/A,,,,,TRUE,TRUE,,,,,TRUE,TRUE,,,TRUE,Aviator Airport Alliance AB,,Operational lease,,,,TRUE,TRUE,Element,GSE/Lists/AviatorGSERegister
BLS 00002,B02,Belt loader snake (BLS),"Orbiter 7,5 E",Mulag/Power stow,AAP,,12/30/2020,12/30/2020,09F026831,90,2009,2009,"17,808","19,026",,,,,TRUE,,,3. Okay,Electric -> Emission N/A,,,,,TRUE,TRUE,,,,,TRUE,TRUE,,,TRUE,Aviator Airport Alliance AB,,Operational lease,,,,TRUE,TRUE,Element,GSE/Lists/AviatorGSERegister
BLT 00007,B08,Belt loader (BLT),"MDF7,5",Mulag,AAP,,2/26/2020,2/26/2020,93416 6,,1993,,"27,975",,,,,,TRUE,,,3. Okay,Diesel,EURO3,,,,TRUE,TRUE,,,,,TRUE,TRUE,7m,,TRUE,Aviator Airport Alliance AB,,Operational lease,,,,TRUE,TRUE,Element,GSE/Lists/AviatorGSERegister
BLT 00002,B09,Belt loader (BLT),"Orbiter7,5",Mulag,AAP,,9/18/2020,,07F023320,,2007,,"10,532",,,,,,TRUE,,,3. Okay,Diesel,EURO3,,,,TRUE,TRUE,,,,,TRUE,TRUE,7m,,TRUE,Aviator Airport Alliance AB,,Operational lease,,,,TRUE,TRUE,Element,GSE/Lists/AviatorGSERegister
BLS 00003,B10,Belt loader snake (BLS),"Orbiter 7,5 D",Mulag/Power stow,AAP,,7/19/2020,7/19/2020,14F035484,290,2014,2014,"12,830","12,875",,,,,TRUE,,,4. Good condition,Diesel,EURO3,,,,TRUE,TRUE,,,,,TRUE,TRUE,7m,,TRUE,Aviator Airport Partners A/S,,No lease,,,,TRUE,TRUE,Element,GSE/Lists/AviatorGSERegister
BLS 00004,B11,Belt loader snake (BLS),"Orbiter 7,5 D",Mulag/Power stow,AAP,,7/22/2020,7/22/2020,14F035485,291,2014,2014,"12,446","12,842",,,,,TRUE,,,3. Okay,Diesel,EURO3,,,,TRUE,TRUE,,,,,TRUE,TRUE,7m,,TRUE,Aviator Airport Partners A/S,,No lease,,,,TRUE,TRUE,Element,GSE/Lists/AviatorGSERegister
BLT 00003,B12,Belt loader (BLT),"MDF7,5",Mulag,AAP,,,,02F016241,,2002,,,,,,,,TRUE,,,0. Scraped,Diesel,EURO3,,,,TRUE,TRUE,,,,,TRUE,TRUE,7m,,TRUE,Aviator Airport Alliance AB,,Operational lease,,,,TRUE,TRUE,Element,GSE/Lists/AviatorGSERegister
BLT 00004,B14,Belt loader (BLT),"MDF7,5",Mulag,AAP,,3/17/2021,,02F016242,,2002,,,,,,,,TRUE,,,3. Okay,Diesel,EURO3,,,,TRUE,TRUE,,,,,TRUE,TRUE,7m,,TRUE,Aviator Airport Alliance AB,,Operational lease,,,,TRUE,TRUE,Element,GSE/Lists/AviatorGSERegister
BLS 00005,B15,Belt loader snake (BLS),"MDF7,5",Mulag/Power stow,AAP,,1/16/2021,1/16/2021,94430 4,1,1994,2005,"43,237","31,852",,,,,TRUE,,,3. Okay,Diesel,EURO3,,,,TRUE,TRUE,,,,,TRUE,TRUE,7m,,TRUE,Aviator Airport Alliance AB,,Operational lease,,,,TRUE,TRUE,Element,GSE/Lists/AviatorGSERegister
BLT 00005,B17,Belt loader (BLT),"MDF7,5",Mulag,AAP,,2/19/2021,,94430 3,,1994,,"26,740",,,,,,TRUE,,,3. Okay,Diesel,EURO3,,,,TRUE,TRUE,,,,,TRUE,TRUE,7m,,TRUE,Aviator Airport Alliance AB,,Operational lease,,,,TRUE,TRUE,Element,GSE/Lists/AviatorGSERegister
BLS 00006,B18,Belt loader snake (BLS),"MDF7,5",Mulag/Power stow,AAP,,3/16/2021,3/16/2021,,2,1994,2005,"38,926","34,934",,,,,TRUE,,,3. Okay,Diesel,EURO3,,,,TRUE,TRUE,,,,,TRUE,TRUE,7m,,TRUE,Aviator Airport Alliance AB,,Operational lease,,,,TRUE,TRUE,Element,GSE/Lists/AviatorGSERegister
BLT 00006,B19,Belt loader (BLT),"MDF7,5",Mulag,AAP,,,,97F010429,,1997,,"18,931",,,,,,TRUE,,,3. Okay,Diesel,EURO3,,,,TRUE,TRUE,,,,,TRUE,TRUE,7m,,TRUE,Aviator Airport Alliance AB,,Operational lease,,,,TRUE,TRUE,Element,GSE/Lists/AviatorGSERegister
BLT 00001,B20,Belt loader (BLT),"MDF7,5",Mulag,AAP,,,,97F010430,,1997,,"18,690",,,,,,TRUE,,,3. Okay,Diesel,EURO3,,,,TRUE,TRUE,,,,,TRUE,TRUE,7m,,TRUE,Aviator Airport Alliance AB,,Operational lease,,,,TRUE,TRUE,Element,GSE/Lists/AviatorGSERegister
BLT 00008,B21,Belt loader (BLT),"MDF7,5",Mulag,AAP,,10/9/2020,,98F011320,,1998,,"18,192",,,,,,TRUE,,,3. Okay,Diesel,EURO3,,,,TRUE,TRUE,,,,,TRUE,TRUE,7m,,TRUE,Aviator Airport Alliance AB,,Operational lease,,,,TRUE,TRUE,Element,GSE/Lists/AviatorGSERegister
BLT 00009,B22,Belt loader (BLT),"MDF7,5",Mulag,AAP,,1/18/2021,,98F011321,,1998,,"14,166",,,,,,TRUE,,,2. Usable,Diesel,EURO3,,,,TRUE,TRUE,,,,,TRUE,TRUE,7m,,TRUE,Aviator Airport Alliance AB,,Operational lease,,,,TRUE,TRUE,Element,GSE/Lists/AviatorGSERegister
PAT 00001,PT1,Pallet transporter (TRP),MC7A,Mulag,AAP,,,,90386 1,,1990,,"16,839",,,,,,TRUE,,,2. Usable,Diesel,EURO3,,,,TRUE,TRUE,,,,,TRUE,TRUE,,,TRUE,Aviator Airport Alliance AB,,Operational lease,,,,TRUE,TRUE,Element,GSE/Lists/AviatorGSERegister
PAT 00002,PT2,Pallet transporter (TRP),TT7C,Mulag,AAP,,,,96460 4,,1996,,"13,542",,,,,,FALSE,,,0. Scraped,Diesel,EURO3,,,,TRUE,TRUE,,,,,TRUE,TRUE,,,TRUE,Aviator Airport Alliance AB,,Operational lease,,,,TRUE,TRUE,Element,GSE/Lists/AviatorGSERegister
PAT 00003,PT3,Pallet transporter (TRP),MC7A,Mulag,AAP,,,,90386 1,,1990,,"16,334",,,,,,TRUE,,,2. Usable,Diesel,EURO3,,,,TRUE,TRUE,,,,,TRUE,TRUE,,,TRUE,Aviator Airport Alliance AB,,Operational lease,,,,TRUE,TRUE,Element,GSE/Lists/AviatorGSERegister
PAT 00004,PT6,Pallet transporter (TRP),Zipo B03-07HVF,EWK,AAP,,,,0 200,,1992,,"11,480",,,,,,TRUE,,,3. Okay,Diesel,EURO3,,,,TRUE,TRUE,,,,,TRUE,TRUE,,,TRUE,Aviator Airport Alliance AB,,Operational lease,,,,TRUE,TRUE,Element,GSE/Lists/AviatorGSERegister
HIL 00001,L01,High loader (HIL),Commander 30,FMC,AAP,,,,CR301007018,,2007,,"7,401",,,,,,TRUE,,,4. Good condition,Diesel,EURO3,,,,TRUE,TRUE,15 t (Lift capacity),,,,TRUE,TRUE,,,TRUE,Aviator Airport Alliance AB,,Operational lease,,,,TRUE,TRUE,Element,GSE/Lists/AviatorGSERegister
HIL 00002,L02,High loader (HIL),Commander15,FMC,AAP,,,,CR87508,,1987,,"9,733",,,,,,TRUE,,,3. Okay,Diesel,EURO3,,,,TRUE,TRUE,7 t (Lift capacity),,,,TRUE,TRUE,,,TRUE,Aviator Airport Alliance AB,,Operational lease,,,,TRUE,TRUE,Element,GSE/Lists/AviatorGSERegister
HIL 00003,L04,High loader (HIL),Commander15,FMC,AAP,,1/22/2020,,CR90241,,1990,,"11,280",,,,,,TRUE,,,2. Usable,Diesel,EURO3,,,,TRUE,TRUE,7 t (Lift capacity),,,,TRUE,TRUE,,,TRUE,Aviator Airport Alliance AB,,Operational lease,,,,TRUE,TRUE,Element,GSE/Lists/AviatorGSERegister
HIL 00004,L05,High loader (HIL),Commander15,FMC,AAP,,,,CR90187,,1990,,"11,420",,,,,,TRUE,,,3. Okay,Diesel,EURO3,,,,TRUE,TRUE,7 t (Lift capacity),,,,TRUE,TRUE,,,TRUE,Aviator Airport Alliance AB,,Operational lease,,,,TRUE,TRUE,Element,GSE/Lists/AviatorGSERegister
HIL 00005,L06,High loader (HIL),Commander15,FMC,AAP,,,,CR90237,,1990,,"14,102",,,,,,TRUE,,,3. Okay,Diesel,EURO3,,,,TRUE,TRUE,7 t (Lift capacity),,,,TRUE,TRUE,,,TRUE,Aviator Airport Alliance AB,,Operational lease,,,,TRUE,TRUE,Element,GSE/Lists/AviatorGSERegister
HIL 00006,L07,High loader (HIL),Commander15,FMC,AAP,,1/8/2020,,CR91119,,1991,,"13,176",,,,,,TRUE,,,3. Okay,Diesel,EURO3,,,,TRUE,TRUE,7 t (Lift capacity),,,,TRUE,TRUE,,,TRUE,Aviator Airport Alliance AB,,Operational lease,,,,TRUE,TRUE,Element,GSE/Lists/AviatorGSERegister
CLT 00001,L08,Container loader transporter (CLT),CLT-8 Loader,FMC,AAP,,1/12/2020,,9809 5,,1998,,"9,175",,,,,,TRUE,,,3. Okay,Diesel,EURO3,,,,TRUE,TRUE,"3,5 t (Lift capacity)",,,,TRUE,TRUE,,,TRUE,Aviator Airport Alliance AB,,Operational lease,,,,TRUE,TRUE,Element,GSE/Lists/AviatorGSERegister
CLT 00002,L09,Container loader transporter (CLT),CLT-8 Loader,JBT,AAP,,,,0810 7,,2008,,"9,942",,,,,,TRUE,,,2. Usable,Diesel,EURO3,,,,TRUE,TRUE,"3,5 t (Lift capacity)",,,,TRUE,TRUE,,,TRUE,Aviator Airport Alliance AB,,Operational lease,,,,TRUE,TRUE,Element,GSE/Lists/AviatorGSERegister
CLT 00003,L10,Container loader transporter (CLT),CLT-8 Loader,JBT,AAP,,,,810 5,,2008,,"10,246",,,,,,TRUE,,,3. Okay,Diesel,EURO3,,,,TRUE,TRUE,"3,5 t (Lift capacity)",,,,TRUE,TRUE,,,TRUE,Aviator Airport Alliance AB,,Operational lease,,,,TRUE,TRUE,Element,GSE/Lists/AviatorGSERegister
CLT 00004,L11,Container loader transporter (CLT),CLT-8 Loader,JBT,AAP,,,,CLT12005,,2012,,"6,134",,,,,,TRUE,,,3. Okay,Diesel,EURO3,,,,TRUE,TRUE,"3,5 t (Lift capacity)",,,,TRUE,TRUE,,,TRUE,Aviator Airport Alliance AB,,Operational lease,,,,TRUE,TRUE,Element,GSE/Lists/AviatorGSERegister
CLT 00005,L15,Container loader transporter (CLT),CLT-8 Loader,JBT,AAP,,3/9/2020,,CLT07075,,2007,,"6,498",,,,,,TRUE,,,3. Okay,Diesel,EURO3,,,,TRUE,TRUE,"3,5 t (Lift capacity)",,,,TRUE,TRUE,,,TRUE,Aviator Airport Alliance AB,,Operational lease,,,,TRUE,TRUE,Element,GSE/Lists/AviatorGSERegister
CLT 00006,L16,Container loader transporter (CLT),CLT-8 Loader,JBT,AAP,,,,CLT14004,,2014,,"3,924",,,,,,TRUE,,,3. Okay,Diesel,EURO3,,,,TRUE,TRUE,"3,5 t (Lift capacity)",,,,TRUE,TRUE,,,TRUE,Aviator Airport Alliance AB,,Operational lease,,,,TRUE,TRUE,Element,GSE/Lists/AviatorGSERegister
CLT 00007,L17,Container loader transporter (CLT),CLT-8 Loader,JBT,AAP,,,,CLT14005,,2014,,"4,219",,,,,,TRUE,,,3. Okay,Diesel,EURO3,,,,TRUE,TRUE,"3,5 t (Lift capacity)",,,,TRUE,TRUE,,,TRUE,Aviator Airport Alliance AB,,Operational lease,,,,TRUE,TRUE,Element,GSE/Lists/AviatorGSERegister
OTH 00012,1,Other equipment (OTH),Løftebord,Cartek,AAP,,,,,,1990,,,,,,,,TRUE,,,2. Usable,,,,,,TRUE,TRUE,,,,,TRUE,TRUE,,,TRUE,Aviator Airport Partners A/S,,No lease,,,,TRUE,TRUE,Element,GSE/Lists/AviatorGSERegister
OtH 00013,2,Other equipment (OTH),Løftebord,Cartek,AAP,,,,,,1990,,,,,,,,TRUE,,,2. Usable,,,,,,TRUE,TRUE,,,,,TRUE,TRUE,,,TRUE,Aviator Airport Partners A/S,,No lease,,,,TRUE,TRUE,Element,GSE/Lists/AviatorGSERegister
OTH 00014,9,Other equipment (OTH),Løftebord,Cartek,AAP,,,,,,1990,,,,,,,,TRUE,,,2. Usable,,,,,,TRUE,TRUE,,,,,TRUE,TRUE,,,TRUE,Aviator Airport Partners A/S,,No lease,,,,TRUE,TRUE,Element,GSE/Lists/AviatorGSERegister
OTH 00015,10,Other equipment (OTH),Løftebord,Cartek,AAP,,,,,,1990,,,,,,,,TRUE,,,2. Usable,,,,,,TRUE,TRUE,,,,,TRUE,TRUE,,,TRUE,Aviator Airport Partners A/S,,No lease,,,,TRUE,TRUE,Element,GSE/Lists/AviatorGSERegister
OTH 00016,20,Other equipment (OTH),Løftebord,Cartek,AAP,,,,,,1990,,,,,,,,TRUE,,,2. Usable,,,,,,TRUE,TRUE,,,,,TRUE,TRUE,,,TRUE,Aviator Airport Partners A/S,,No lease,,,,TRUE,TRUE,Element,GSE/Lists/AviatorGSERegister
OTH 00017,21,Other equipment (OTH),Løftebord,Cartek,AAP,,,,,,1990,,,,,,,,TRUE,,,3. Okay,,,,,,TRUE,TRUE,,,,,TRUE,TRUE,,,TRUE,Aviator Airport Partners A/S,,No lease,,,,TRUE,TRUE,Element,GSE/Lists/AviatorGSERegister
OTH 00018,32,Other equipment (OTH),Løftebord,Cartek,AAP,,,,,,1990,,,,,,,,TRUE,,,3. Okay,,,,,,TRUE,TRUE,,,,,TRUE,TRUE,,,TRUE,Aviator Airport Partners A/S,,No lease,,,,TRUE,TRUE,Element,GSE/Lists/AviatorGSERegister
OTH 00019,33,Other equipment (OTH),Løftebord,Cartek,AAP,,,,,,1990,,,,,,,,TRUE,,,3. Okay,,,,,,TRUE,TRUE,,,,,TRUE,TRUE,,,TRUE,Aviator Airport Partners A/S,,No lease,,,,TRUE,TRUE,Element,GSE/Lists/AviatorGSERegister
EBT 00015,T108,Baggage tractor (EBT),TSII,AF,AAP,,,,953 6,,1996,,,,,,,,TRUE,,,1. Scrap,Electric -> Emission N/A,,,,,TRUE,TRUE,,,,,TRUE,TRUE,,,TRUE,Aviator Airport Alliance AB,,Operational lease,,,,TRUE,TRUE,Element,GSE/Lists/AviatorGSERegister
EBT 00016,T110,Baggage tractor (EBT),TSII,AF,AAP,,,,953 4,,1996,,,,,,,,TRUE,,,3. Okay,Electric -> Emission N/A,,,,,TRUE,TRUE,,,,,TRUE,TRUE,,,TRUE,Aviator Airport Alliance AB,,Operational lease,,,,TRUE,TRUE,Element,GSE/Lists/AviatorGSERegister
EBT 00017,T111,Baggage tractor (EBT),TSII,AF,AAP,,,,956 1,,1996,,,,,,,,TRUE,,,3. Okay,Electric -> Emission N/A,,,,,TRUE,TRUE,,,,,TRUE,TRUE,,,TRUE,Aviator Airport Partners A/S,,No lease,,,,TRUE,TRUE,Element,GSE/Lists/AviatorGSERegister
EBT 00018,T112,Baggage tractor (EBT),TSII,AF,AAP,,,,,,1996,,,,,,,,TRUE,,,2. Usable,Electric -> Emission N/A,,,,,TRUE,TRUE,,,,,TRUE,TRUE,,,TRUE,Aviator Airport Partners A/S,,No lease,,,,TRUE,TRUE,Element,GSE/Lists/AviatorGSERegister
EBT 00019,T113,Baggage tractor (EBT),TSII,AF,AAP,,,,956 3,,1996,,,"1,656",,,,,TRUE,,,2. Usable,Electric -> Emission N/A,,,,,TRUE,TRUE,,,,,TRUE,TRUE,,,TRUE,Aviator Airport Alliance AB,,Operational lease,,,,TRUE,TRUE,Element,GSE/Lists/AviatorGSERegister
EBT 00020,T114,Baggage tractor (EBT),TSII,AF,AAP,,,,952 5,,1996,,,,,,,,TRUE,,,2. Usable,Electric -> Emission N/A,,,,,TRUE,TRUE,,,,,TRUE,TRUE,,,TRUE,Aviator Airport Partners A/S,,No lease,,,,TRUE,TRUE,Element,GSE/Lists/AviatorGSERegister
EBT 00021,T115,Baggage tractor (EBT),TSII,AF,AAP,,,,952 4,,1996,,,,,,,,TRUE,,,2. Usable,Electric -> Emission N/A,,,,,TRUE,TRUE,,,,,TRUE,TRUE,,,TRUE,Aviator Airport Partners A/S,,No lease,,,,TRUE,TRUE,Element,GSE/Lists/AviatorGSERegister
EBT 00022,T116,Baggage tractor (EBT),TSII,AF,AAP,,,,962 5,,1997,,,,,,,,TRUE,,,1. Scrap,Electric -> Emission N/A,,,,,TRUE,TRUE,,,,,TRUE,TRUE,,,TRUE,Aviator Airport Alliance AB,,Operational lease,,,,TRUE,TRUE,Element,GSE/Lists/AviatorGSERegister
EBT 00023,T117,Baggage tractor (EBT),TSII,AF,AAP,,,,962 6,,1996,,,"1,307",,,,,TRUE,,,1. Scrap,Electric -> Emission N/A,,,,,TRUE,TRUE,,,,,TRUE,TRUE,,,TRUE,Aviator Airport Alliance AB,,Operational lease,,,,TRUE,TRUE,Element,GSE/Lists/AviatorGSERegister
EBT 00024,T118,Baggage tractor (EBT),TSII,AF,AAP,,,,968 0,,1997,,,,,,,,TRUE,,,2. Usable,Electric -> Emission N/A,,,,,TRUE,TRUE,,,,,TRUE,TRUE,,,TRUE,Aviator Airport Alliance AB,,Operational lease,,,,TRUE,TRUE,Element,GSE/Lists/AviatorGSERegister
EBT 00025,T119,Baggage tractor (EBT),TSII,AF,AAP,,,,967 9,,1997,,,"1,258",,,,,TRUE,,,2. Usable,Electric -> Emission N/A,,,,,TRUE,TRUE,,,,,TRUE,TRUE,,,TRUE,Aviator Airport Alliance AB,,Operational lease,,,,TRUE,TRUE,Element,GSE/Lists/AviatorGSERegister
EBT 00026,T122,Baggage tractor (EBT),TSII,AF,AAP,,,,968 2,,1997,,,"1,200",,,,,TRUE,,,3. Okay,Electric -> Emission N/A,,,,,TRUE,TRUE,,,,,TRUE,TRUE,,,TRUE,Aviator Airport Alliance AB,,Operational lease,,,,TRUE,TRUE,Element,GSE/Lists/AviatorGSERegister
EBT 00027,T123,Baggage tractor (EBT),TSII,AF,AAP,,,,976 2,,1998,,,623,,,,,TRUE,,,2. Usable,Electric -> Emission N/A,,,,,TRUE,TRUE,,,,,TRUE,TRUE,,,TRUE,Aviator Airport Alliance AB,,Operational lease,,,,TRUE,TRUE,Element,GSE/Lists/AviatorGSERegister
EBT 00028,T124,Baggage tractor (EBT),TSII,AF,AAP,,,,976 0,,1998,,,,,,,,TRUE,,,3. Okay,Electric -> Emission N/A,,,,,TRUE,TRUE,,,,,TRUE,TRUE,,,TRUE,Aviator Airport Alliance AB,,Operational lease,,,,TRUE,TRUE,Element,GSE/Lists/AviatorGSERegister
EBT 00029,T125,Baggage tractor (EBT),TSII,AF,AAP,,,,976 4,,1998,,,,,,,,TRUE,,,2. Usable,Electric -> Emission N/A,,,,,TRUE,TRUE,,,,,TRUE,TRUE,,,TRUE,Aviator Airport Partners A/S,,No lease,,,,TRUE,TRUE,Element,GSE/Lists/AviatorGSERegister
EBT 00030,T126,Baggage tractor (EBT),TSII,AF,AAP,,,,976 3,,1998,,,"2,019",,,,,TRUE,,,3. Okay,Electric -> Emission N/A,,,,,TRUE,TRUE,,,,,TRUE,TRUE,,,TRUE,Aviator Airport Partners A/S,,No lease,,,,TRUE,TRUE,Element,GSE/Lists/AviatorGSERegister
EBT 00031,T127,Baggage tractor (EBT),TSII,AF,AAP,,,,976 5,,1998,,,,,,,,TRUE,,,3. Okay,Electric -> Emission N/A,,,,,TRUE,TRUE,,,,,TRUE,TRUE,,,TRUE,Aviator Airport Alliance AB,,Operational lease,,,,TRUE,TRUE,Element,GSE/Lists/AviatorGSERegister
EBT 00032,T128,Baggage tractor (EBT),TSII,AF,AAP,,,,976 1,,1998,,,642,,,,,TRUE,,,2. Usable,Electric -> Emission N/A,,,,,TRUE,TRUE,,,,,TRUE,TRUE,,,TRUE,Aviator Airport Partners A/S,,No lease,,,,TRUE,TRUE,Element,GSE/Lists/AviatorGSERegister
EBT 00033,T129,Baggage tractor (EBT),TSII,AF,AAP,,,,987 1,,1998,,,812,,,,,TRUE,,,3. Okay,Electric -> Emission N/A,,,,,TRUE,TRUE,,,,,TRUE,TRUE,,,TRUE,Aviator Airport Alliance AB,,Operational lease,,,,TRUE,TRUE,Element,GSE/Lists/AviatorGSERegister
EBT 00034,T130,Baggage tractor (EBT),TSII,AF,AAP,,,,987 2,,1998,,,"2,672",,,,,TRUE,,,3. Okay,Electric -> Emission N/A,,,,,TRUE,TRUE,,,,,TRUE,TRUE,,,TRUE,Aviator Airport Partners A/S,,No lease,,,,TRUE,TRUE,Element,GSE/Lists/AviatorGSERegister
EBT 00035,T131,Baggage tractor (EBT),TSII,AF,AAP,,,,997 3,,1999,,,,,,,,TRUE,,,3. Okay,Electric -> Emission N/A,,,,,TRUE,TRUE,,,,,TRUE,TRUE,,,TRUE,Aviator Airport Alliance AB,,Operational lease,,,,TRUE,TRUE,Element,GSE/Lists/AviatorGSERegister
EBT 00036,T132,Baggage tractor (EBT),TSII,AF,AAP,,,,997 2,,1999,,,"4,437",,,,,TRUE,,,3. Okay,Electric -> Emission N/A,,,,,TRUE,TRUE,,,,,TRUE,TRUE,,,TRUE,Aviator Airport Alliance AB,,Operational lease,,,,TRUE,TRUE,Element,GSE/Lists/AviatorGSERegister
EBT 00037,T133,Baggage tractor (EBT),TSII,AF,AAP,,,,976 6,,1998,,,,,,,,TRUE,,,2. Usable,Electric -> Emission N/A,,,,,TRUE,TRUE,,,,,TRUE,TRUE,,,TRUE,Aviator Airport Alliance AB,,Operational lease,,,,TRUE,TRUE,Element,GSE/Lists/AviatorGSERegister
EBT 00038,T134,Baggage tractor (EBT),TSII,AF,AAP,,,,996 4,,1999,,,"16,240",,,,,TRUE,,,2. Usable,Electric -> Emission N/A,,,,,TRUE,TRUE,,,,,TRUE,TRUE,,,TRUE,Aviator Airport Alliance AB,,Operational lease,,,,TRUE,TRUE,Element,GSE/Lists/AviatorGSERegister
EBT 00039,T135,Baggage tractor (EBT),TSII,AF,AAP,,,,1150 0,,2009,,,,,,,,TRUE,,,3. Okay,Electric -> Emission N/A,,,,,TRUE,TRUE,,,,,TRUE,TRUE,,,TRUE,Aviator Airport Alliance AB,,Operational lease,,,,TRUE,TRUE,Element,GSE/Lists/AviatorGSERegister
EBT 00040,T136,Baggage tractor (EBT),TSII,AF,AAP,,,,,,1999,,,,,,,,TRUE,,,1. Scrap,Electric -> Emission N/A,,,,,TRUE,TRUE,,,,,TRUE,TRUE,,,TRUE,Aviator Airport Partners A/S,,No lease,,,,TRUE,TRUE,Element,GSE/Lists/AviatorGSERegister
EBT 00041,T137,Baggage tractor (EBT),TSII,AF,AAP,,,,1150 1,,2009,,,,,,,,TRUE,,,3. Okay,Electric -> Emission N/A,,,,,TRUE,TRUE,,,,,TRUE,TRUE,,,TRUE,Aviator Airport Alliance AB,,Operational lease,,,,TRUE,TRUE,Element,GSE/Lists/AviatorGSERegister
EBT 00042,T138,Baggage tractor (EBT),TSII,AF,AAP,,,,996 8,,1999,,,,,,,,TRUE,,,3. Okay,Electric -> Emission N/A,,,,,TRUE,TRUE,,,,,TRUE,TRUE,,,TRUE,Aviator Airport Partners A/S,,No lease,,,,TRUE,TRUE,Element,GSE/Lists/AviatorGSERegister
EBT 00043,T140,Baggage tractor (EBT),TSII,AF,AAP,,,,996 7,,1999,,,"16,414",,,,,TRUE,,,3. Okay,Electric -> Emission N/A,,,,,TRUE,TRUE,,,,,TRUE,TRUE,,,TRUE,Aviator Airport Partners A/S,,No lease,,,,TRUE,TRUE,Element,GSE/Lists/AviatorGSERegister
EBT 00044,T463,Baggage tractor (EBT),TSII,AF,AAP,,,,,,1998,,,,,,,,TRUE,,,3. Okay,Electric -> Emission N/A,,,,,TRUE,TRUE,,,,,TRUE,TRUE,,,TRUE,Aviator Airport Partners A/S,,No lease,,,,TRUE,TRUE,Element,GSE/Lists/AviatorGSERegister
TBL 00035,New 2023 02,Towbar less tractor (TBL),TBL 100 EL,Kalmar,AAP,,,,2827,,2023,,,,,,,,TRUE,"7,700","15,000",5. Very good condition,Electric -> Emission N/A,,,,,FALSE,FALSE,,,,,TRUE,FALSE,,,TRUE,Other,,Financial lease,,2/1/2023,,TRUE,TRUE,Element,GSE/Lists/AviatorGSERegister
TBL 00036,New 2023 02,Towbar less tractor (TBL),TBL 100 EL,Kalmar,AAP,,,,2828,,2023,,,,,,,,TRUE,"7,700","15,000",5. Very good condition,Electric -> Emission N/A,,,,,FALSE,FALSE,,,,,TRUE,FALSE,,,TRUE,Other,,Financial lease,,,,TRUE,TRUE,Element,GSE/Lists/AviatorGSERegister
CAR 00112,M12,Car (CAR),"MERIVA 1,4 ACTIVAN",OPEL,AAP,,,1/18/2023,OLSD9EC4G4190066,,,2016,,,105550,,,,TRUE,,,5. Very good condition,Petrol,EURO6,,,,FALSE,FALSE,,,,,TRUE,TRUE,,,TRUE,Aviator Airport Partners A/S,,,,,,TRUE,TRUE,Element,GSE/Lists/AviatorGSERegister
CAR 00113,M31,Car (CAR),"IGNIS 1,3",SUZUKI,AAP,,,,TSMMHX51S00206365,,,2005,,,,,,,TRUE,,,4. Good condition,Petrol,EURO5,,,,FALSE,FALSE,,,,,TRUE,TRUE,,,TRUE,Aviator Airport Partners A/S,,,,,,TRUE,TRUE,Element,GSE/Lists/AviatorGSERegister
CAR 00114,M32,Car (CAR),"COLT 1,3 AUT",MITSUBISHI,AAP,,,,XMCXJZ34A8F034324,,,2008,,,,,,,TRUE,,,4. Good condition,Petrol,EURO5,,,,FALSE,FALSE,,,,,TRUE,TRUE,,,TRUE,Aviator Airport Partners A/S,,,,,,TRUE,TRUE,Element,GSE/Lists/AviatorGSERegister
CAR 00115,,Car (CAR),"CARAVELLE 2,0 TDI",VOLKSWAGEN,AAP,,,,WV2ZZZ7HZJH140295,,,2018,,,,,,,TRUE,,,5. Very good condition,Diesel,EURO6,,,,FALSE,FALSE,,,,,TRUE,TRUE,,,TRUE,Aviator Airport Partners A/S,,,,,,TRUE,TRUE,Element,GSE/Lists/AviatorGSERegister
BLS 00038,B06,Belt loader snake (BLS),POWER STOW,,AAP,,,,,,,,,,,,,,TRUE,,,4. Good condition,Electric -> Emission N/A,,,,,FALSE,FALSE,,,,,TRUE,TRUE,,,TRUE,Other,MIDTJYLLANDS LUFTHAVN,,,,,TRUE,TRUE,Element,GSE/Lists/AviatorGSERegister
BLS 00039,AAP092,Belt loader snake (BLS),Power Stow,Power Stow,AAP,,,,,,,2023,,,,,,,TRUE,,,5. Very good condition,Electric -> Emission N/A,,,,,FALSE,FALSE,,,,,TRUE,TRUE,,,TRUE,Other,Power Stow   TESTBÅND,Other,,,,TRUE,TRUE,Element,GSE/Lists/AviatorGSERegister
CAR 00117,DH71292,Car (CAR),Aygo,Toyota,CFS,,,,,,,,,,,,,,FALSE,,,,,,,,,FALSE,FALSE,,,,,TRUE,TRUE,,,TRUE,Copenhagen Flight Services APS,,,,,,TRUE,TRUE,Element,GSE/Lists/AviatorGSERegister
EBT 00306,T14,Baggage tractor (EBT),Linde P250,NC.Nielsen,AAP,,,,51X127J0025,,,2019,,,,,,,TRUE,"4,988","5,488",4. Good condition,Electric -> Emission N/A,,RF10424,,,FALSE,FALSE,,,,,TRUE,TRUE,,,TRUE,Aviator Airport Partners A/S,,Operational lease,,,,TRUE,TRUE,Element,GSE/Lists/AviatorGSERegister
EBT 00307,T32,Baggage tractor (EBT),Linde P250,NC.Nielsen,AAP,,,,51X127J00238,,,2019,,,,,,,TRUE,"4,988","5,488",4. Good condition,Electric -> Emission N/A,,RF10417,,,FALSE,FALSE,,,,,TRUE,FALSE,,,FALSE,Aviator Airport Partners A/S,,Operational lease,,,,TRUE,TRUE,Element,GSE/Lists/AviatorGSERegister
EBT 00308,T34,Baggage tractor (EBT),Linde P250,NC.Nielsen,AAP,,,,51X127J00224,,,2019,,,,,,,TRUE,"4,988","5,488",4. Good condition,Electric -> Emission N/A,,RF10418,,,FALSE,FALSE,,,,,TRUE,TRUE,,,TRUE,Aviator Airport Partners A/S,,Operational lease,,,,TRUE,TRUE,Element,GSE/Lists/AviatorGSERegister
EBT 00315,T43,Baggage tractor (EBT),Linde P250,NC.Nielsen,AAP,,,,51X127B00153,,,2011,,,,,,,TRUE,"3,930","4,380",3. Okay,Electric -> Emission N/A,,RF10641,,,FALSE,FALSE,,,,,TRUE,TRUE,,,TRUE,Aviator Airport Partners A/S,,Operational lease,,,,TRUE,TRUE,Element,GSE/Lists/AviatorGSERegister
EBT 00309,T06,Baggage tractor (EBT),Linde P250,NC.Nielsen,AAP,,,,51X127J00254,,,2019,,,,,,,TRUE,"4,988","5,488",4. Good condition,Electric -> Emission N/A,,RF10413,,,FALSE,FALSE,,,,,TRUE,TRUE,,,TRUE,Aviator Airport Partners A/S,,Operational lease,,,,TRUE,TRUE,Element,GSE/Lists/AviatorGSERegister
EBT 00310,T15,Baggage tractor (EBT),Linde P250,NC.Nielsen,AAP,,,,51X127J00253,,,2019,,,,,,,TRUE,"4,988","5,488",4. Good condition,Electric -> Emission N/A,,RF10425,,,FALSE,FALSE,,,,,TRUE,TRUE,,,TRUE,Aviator Airport Partners A/S,,Operational lease,,,,TRUE,TRUE,Element,GSE/Lists/AviatorGSERegister
EBT 00311,T31,Baggage tractor (EBT),Linde P250,NC.Nielsen,AAP,,,,51X127J0025,,,2019,,,,,,,TRUE,"4,988","5,488",4. Good condition,Electric -> Emission N/A,,RF10416,,,FALSE,FALSE,,,,,TRUE,TRUE,,,TRUE,Aviator Airport Partners A/S,,Operational lease,,,,TRUE,TRUE,Element,GSE/Lists/AviatorGSERegister
EBT 00312,T41,Baggage tractor (EBT),Linde P250,NC.Nielsen,AAP,,,,51X127B00194,,,2011,,,,,,,TRUE,"3,930","4,380",3. Okay,Electric -> Emission N/A,,RF10640,,,FALSE,FALSE,,,,,TRUE,TRUE,,,TRUE,Aviator Airport Partners A/S,,Operational lease,,,,TRUE,TRUE,Element,GSE/Lists/AviatorGSERegister
EBT 00314,T42,Baggage tractor (EBT),Linde P250,NC.Nielsen,AAP,,,,51X127B00052,,,2011,,,,,,,TRUE,"3,930","4,380",3. Okay,Electric -> Emission N/A,,RF10639,,,FALSE,FALSE,,,,,TRUE,TRUE,,,TRUE,Aviator Airport Partners A/S,,Operational lease,,,,TRUE,TRUE,Element,GSE/Lists/AviatorGSERegister
BLS 00037,B23,Belt loader snake (BLS),Power stow,Power stow,AAP,,,,,1444,,2020,,,,,,,TRUE,,,5. Very good condition,Electric -> Emission N/A,,,,,FALSE,FALSE,,,,,TRUE,TRUE,7m,,TRUE,Aviator Airport Partners A/S,,,,,,TRUE,TRUE,Element,GSE/Lists/AviatorGSERegister
TBL 00056,T83,Towbar less tractor (TBL),TBL190,Kalmar,AAP,,,,2304,,,2010,,"12,225",,,,,TRUE,,,4. Good condition,Diesel,,,,,FALSE,FALSE,,,,,TRUE,TRUE,,,TRUE,Aviator Airport Partners A/S,,,,,,TRUE,TRUE,Element,GSE/Lists/AviatorGSERegister
TBL 00057,T82,Towbar less tractor (TBL),TBL190,Kalmar,AAP,,,,2135,,,2002,,,,,,,TRUE,,,4. Good condition,Diesel,,,,,FALSE,FALSE,,,,,TRUE,TRUE,,,TRUE,,,,,,,TRUE,TRUE,Element,GSE/Lists/AviatorGSERegister
TBL 00058,T84,Towbar less tractor (TBL),TBL50,Kalmar,AAP,,,,,,2024,,,,,,,,TRUE,,,4. Good condition,Diesel,,,,,FALSE,FALSE,,,,,TRUE,TRUE,,,TRUE,,,,,,,TRUE,TRUE,Element,GSE/Lists/AviatorGSERegister
ASU 00023,G09,Air starter unit (ASU),,Hitzinger,AAP,,,,,,,,,,,,,,FALSE,,,,Diesel,,,,,FALSE,FALSE,,,,,TRUE,TRUE,,,TRUE,,,,,,,TRUE,TRUE,Element,GSE/Lists/AviatorGSERegister
CAR 00128,,Car (CAR)," TRANSPORTER, 2.0 TSI BMT 204hk KASSEVOGN LANG 4Motion DSG",VOLKSWAGEN,CFS,,,,WV1ZZZ7HZJH198589,,2019,,,,62460,,,,TRUE,,,5. Very good condition,Petrol,EURO6,,,,FALSE,FALSE,,,,,TRUE,TRUE,,,TRUE,Copenhagen Flight Services APS,,No lease,,,,TRUE,TRUE,Element,GSE/Lists/AviatorGSERegister
CAR 00129,,Car (CAR),"Transit Custom Van, 2.0TDCi - FWD (130 HK ) Kassevogn FWD M6",Ford,CFS,,,,WF0YXXTTGYJY11660,,2018,,,,66865,,,,TRUE,,,5. Very good condition,Diesel,EURO6,,,,FALSE,FALSE,,,,,TRUE,TRUE,,,TRUE,,,No lease,,,,TRUE,TRUE,Element,GSE/Lists/AviatorGSERegister
CAR 00127,M21,Car (CAR)," CARAVELLE, GCXFA308X0",VOLKSWAGEN,AAP,,,,WV2ZZZ7HZJH140295,,,2018,,,,,,,TRUE,,,5. Very good condition,Diesel,EURO6,RF10643,,,FALSE,FALSE,,,,,TRUE,TRUE,,,TRUE,Aviator Airport Partners A/S,,No lease,,,,TRUE,TRUE,Element,GSE/Lists/AviatorGSERegister
PBT 00051,CFS035,Push back tractor (PBT),,Kalmar,CFS,,,,,,,,,,,,,,TRUE,,,3. Okay,Diesel,,,,,FALSE,FALSE,,,,,TRUE,TRUE,,,TRUE,,,,,,,TRUE,TRUE,Element,GSE/Lists/AviatorGSERegister
CLT 00021,New 2023 12 AAP090,Container loader transporter (CLT),CLT 8,JBT,AAP,,,,CLT23002,,2023,,,,,,,,FALSE,,,5. Very good condition,Diesel,TIER 4,,,,FALSE,FALSE,,,,,FALSE,FALSE,,,TRUE,Copenhagen Flight Services APS,,,,,,TRUE,TRUE,Element,GSE/Lists/AviatorGSERegister
CLT 00022,New 2023 12,Container loader transporter (CLT),CLT 8,JBT,AAP,,,,,,2023,,,,,,,,FALSE,,,5. Very good condition,Diesel,TIER 4,,,,FALSE,FALSE,,,,,FALSE,FALSE,,,TRUE,,,,,,,TRUE,TRUE,Element,GSE/Lists/AviatorGSERegister
BCT 00097,,Baggage cart (BCT),,AKS,CFS,,,,,,2024,,,,,,,,TRUE,,,,,,,,,FALSE,FALSE,,,,,FALSE,TRUE,,,FALSE,Copenhagen Flight Services APS,,,,,,FALSE,FALSE,Element,GSE/Lists/AviatorGSERegister
BCT 00098,,Baggage cart (BCT),,AKS,CFS,,,,,,2024,,,,,,,,TRUE,,,,,,,,,FALSE,FALSE,,,,,FALSE,TRUE,,,FALSE,Copenhagen Flight Services APS,,,,,,FALSE,FALSE,Element,GSE/Lists/AviatorGSERegister
BCT00099,,Baggage cart (BCT),,AKS,CFS,,,,,,2024,,,,,,,,FALSE,,,,,,,,,FALSE,FALSE,,,,,FALSE,FALSE,,,FALSE,Copenhagen Flight Services APS,,,,,,FALSE,FALSE,Element,GSE/Lists/AviatorGSERegister
BCT00100,,Baggage cart (BCT),,AKS,CFS,,,,,,2024,,,,,,,,FALSE,,,,,,,,,FALSE,FALSE,,,,,FALSE,FALSE,,,FALSE,Copenhagen Flight Services APS,,,,,,FALSE,FALSE,Element,GSE/Lists/AviatorGSERegister
TBL 00048,,Towbar less tractor (TBL),TBL100 E,,CFS,,,,,2873,2024,,,,,,,,FALSE,,,,,,,,,FALSE,FALSE,,,,,TRUE,TRUE,,,TRUE,,,,,,,TRUE,TRUE,Element,GSE/Lists/AviatorGSERegister
TBL 00049,,Towbar less tractor (TBL),TBL100 E,,CFS,,,,,2874,2024,,,,,,,,FALSE,,,,,,,,,FALSE,FALSE,,,,,TRUE,TRUE,,,TRUE,,,,,,,TRUE,TRUE,Element,GSE/Lists/AviatorGSERegister
TBL 00050,,Towbar less tractor (TBL),TBL100E,,CFS,,,,,2875,2024,,,,,,,,FALSE,,,,,,,,,FALSE,FALSE,,,,,TRUE,TRUE,,,TRUE,,,,,,,TRUE,TRUE,Element,GSE/Lists/AviatorGSERegister
TBL 00051,,Towbar less tractor (TBL),TBL100E,,CFS,,,,,2876,2024,,,,,,,,FALSE,,,,,,,,,FALSE,FALSE,,,,,TRUE,TRUE,,,TRUE,,,,,,,TRUE,TRUE,Element,GSE/Lists/AviatorGSERegister
TBL 00052,,Towbar less tractor (TBL),TBL100E,,CFS,,,,,2881,2024,,,,,,,,FALSE,,,,,,,,,FALSE,FALSE,,,,,TRUE,TRUE,,,TRUE,,,,,,,TRUE,TRUE,Element,GSE/Lists/AviatorGSERegister
TBL 00053,,Towbar less tractor (TBL),TBL100 E,,CFS,,,,,2882,2024,,,,,,,,FALSE,,,,,,,,,FALSE,FALSE,,,,,TRUE,TRUE,,,TRUE,,,,,,,TRUE,TRUE,Element,GSE/Lists/AviatorGSERegister
TBL 00054,,Towbar less tractor (TBL),TBL100E,,CFS,,,,,2883,2024,,,,,,,,FALSE,,,,,,,,,FALSE,FALSE,,,,,TRUE,TRUE,,,TRUE,,,,,,,TRUE,TRUE,Element,GSE/Lists/AviatorGSERegister
TBL 00055,,Towbar less tractor (TBL),TBL100E,,CFS,,,,,2901,2024,,,,,,,,FALSE,,,,,,,,,FALSE,FALSE,,,,,TRUE,TRUE,,,TRUE,,,,,,,TRUE,TRUE,Element,GSE/Lists/AviatorGSERegister
TSU00025,,Toilet service unit (TSU),eVTS Flex,,CFS,,,,,6120,,,,,,,,,FALSE,,,,,,,,,FALSE,FALSE,,,,,TRUE,TRUE,,,TRUE,,,,,,,TRUE,TRUE,Element,GSE/Lists/AviatorGSERegister
WSU 00019,,Water service unit (WSU),e-WS Flex,,CFS,,,,,6148,,,,,,,,,FALSE,,,,,,,,,FALSE,FALSE,,,,,TRUE,TRUE,,,TRUE,,,,,,,TRUE,TRUE,Element,GSE/Lists/AviatorGSERegister
ASU 00022,,Air starter unit (ASU),Guinault DS180,,CFS,,,,,,,,,,,,,,FALSE,,,,,,,,,FALSE,FALSE,,,,,TRUE,TRUE,,,TRUE,,,,,,,TRUE,TRUE,Element,GSE/Lists/AviatorGSERegister
BLS 00035,,Belt loader snake (BLS),,,CFS,,,,,,,,,,,,,,FALSE,,,,,,,,,FALSE,FALSE,,,,,TRUE,TRUE,,,TRUE,,,,,,,TRUE,TRUE,Element,GSE/Lists/AviatorGSERegister
BLS 00036,,Belt loader snake (BLS),,,CFS,,,,,,,,,,,,,,FALSE,,,,,,,,,FALSE,FALSE,,,,,TRUE,TRUE,,,TRUE,,,,,,,TRUE,TRUE,Element,GSE/Lists/AviatorGSERegister
BLT 00112,,Belt loader (BLT),TLD NBL-E,,CFS,,,,,,2024,,,,,,,,FALSE,,,,,,,,,FALSE,FALSE,,,,,TRUE,TRUE,,,TRUE,,,,,,,TRUE,TRUE,Element,GSE/Lists/AviatorGSERegister
BLT 00113,,Belt loader (BLT),TLD NBL-E,,CFS,,,,,,2024,,,,,,,,FALSE,,,,,,,,,FALSE,FALSE,,,,,TRUE,TRUE,,,TRUE,,,,,,,TRUE,TRUE,Element,GSE/Lists/AviatorGSERegister
BLT 00114,,Belt loader (BLT),TLD NBL-E,,CFS,,,,,,2024,,,,,,,,FALSE,,,,,,,,,FALSE,FALSE,,,,,TRUE,TRUE,,,TRUE,,,,,,,TRUE,TRUE,Element,GSE/Lists/AviatorGSERegister
BLT 00115,,Belt loader (BLT),TLS NBL-E,,CFS,,,,,,2024,,,,,,,,FALSE,,,,,,,,,FALSE,FALSE,,,,,TRUE,TRUE,,,TRUE,,,,,,,TRUE,TRUE,Element,GSE/Lists/AviatorGSERegister
BLT 00116,,Belt loader (BLT),TLS NBL-E,,CFS,,,,,,2024,,,,,,,,FALSE,,,,,,,,,FALSE,FALSE,,,,,TRUE,TRUE,,,TRUE,,,,,,,TRUE,TRUE,Element,GSE/Lists/AviatorGSERegister
BLT 00117,,Belt loader (BLT),TLD NBL-E,,CFS,,,,,,2024,,,,,,,,FALSE,,,,,,,,,FALSE,FALSE,,,,,TRUE,TRUE,,,TRUE,,,,,,,TRUE,TRUE,Element,GSE/Lists/AviatorGSERegister
BLT 00118,,Belt loader (BLT),TLD NBL-E,,CFS,,,,,,2024,,,,,,,,FALSE,,,,,,,,,FALSE,FALSE,,,,,TRUE,TRUE,,,TRUE,,,,,,,TRUE,TRUE,Element,GSE/Lists/AviatorGSERegister
BLT 00119,,Belt loader (BLT),TLD NBL-E,,CFS,,,,,,2024,,,,,,,,FALSE,,,,,,,,,FALSE,FALSE,,,,,TRUE,TRUE,,,TRUE,,,,,,,TRUE,TRUE,Element,GSE/Lists/AviatorGSERegister
BLT 00120,,Belt loader (BLT),TLD NBL-E,,CFS,,,,,,2024,,,,,,,,FALSE,,,,,,,,,FALSE,FALSE,,,,,TRUE,TRUE,,,TRUE,,,,,,,TRUE,TRUE,Element,GSE/Lists/AviatorGSERegister
EBT 00286,,Baggage tractor (EBT),LXT120,Still Danmark A/S,CFS,,,,,,,,,,,,,,FALSE,,,,,,,,,FALSE,FALSE,,,,,TRUE,TRUE,,,TRUE,,,,,,,TRUE,TRUE,Element,GSE/Lists/AviatorGSERegister
EBT 00287,,Baggage tractor (EBT),LXT120,Still Danmark A/S,CFS,,,,,,,,,,,,,,FALSE,,,,,,,,,FALSE,FALSE,,,,,TRUE,TRUE,,,TRUE,,,,,,,TRUE,TRUE,Element,GSE/Lists/AviatorGSERegister
EBT 00288,,Baggage tractor (EBT),LXT120,Still Danmark A/S,CFS,,,,,,,,,,,,,,FALSE,,,,,,,,,FALSE,FALSE,,,,,TRUE,TRUE,,,TRUE,,,,,,,TRUE,TRUE,Element,GSE/Lists/AviatorGSERegister
EBT 00289,,Baggage tractor (EBT),LXT120,Still Danmark A/S,CFS,,,,,,,,,,,,,,FALSE,,,,,,,,,FALSE,FALSE,,,,,TRUE,TRUE,,,TRUE,,,,,,,TRUE,TRUE,Element,GSE/Lists/AviatorGSERegister
EBT 00290,,Baggage tractor (EBT),LXT120,Still Danmark A/S,CFS,,,,,,,,,,,,,,FALSE,,,,,,,,,FALSE,FALSE,,,,,TRUE,TRUE,,,TRUE,,,,,,,TRUE,TRUE,Element,GSE/Lists/AviatorGSERegister
EBT 00291,,Baggage tractor (EBT),LXT120,Still Danmark A/S,CFS,,,,,,,,,,,,,,FALSE,,,,,,,,,FALSE,FALSE,,,,,TRUE,TRUE,,,TRUE,,,,,,,TRUE,TRUE,Element,GSE/Lists/AviatorGSERegister
EBT 000292,,Baggage tractor (EBT),LXT120,,CFS,,,,,,,,,,,,,,FALSE,,,,,,,,,FALSE,FALSE,,,,,TRUE,TRUE,,,TRUE,,,,,,,TRUE,TRUE,Element,GSE/Lists/AviatorGSERegister
EBT 00293,,Baggage tractor (EBT),LXT120,,CFS,,,,,,,,,,,,,,FALSE,,,,,,,,,FALSE,FALSE,,,,,TRUE,TRUE,,,TRUE,,,,,,,TRUE,TRUE,Element,GSE/Lists/AviatorGSERegister
EBT 000294,,Baggage tractor (EBT),LXT120,,CFS,,,,,,,,,,,,,,FALSE,,,,,,,,,FALSE,FALSE,,,,,TRUE,TRUE,,,TRUE,,,,,,,TRUE,TRUE,Element,GSE/Lists/AviatorGSERegister
EBT 00295,,Baggage tractor (EBT),LXT120,,CFS,,,,,,,,,,,,,,FALSE,,,,,,,,,FALSE,FALSE,,,,,TRUE,TRUE,,,TRUE,,,,,,,TRUE,TRUE,Element,GSE/Lists/AviatorGSERegister
EBT 00296,,Baggage tractor (EBT),LXT120,,CFS,,,,,,,,,,,,,,FALSE,,,,,,,,,FALSE,FALSE,,,,,TRUE,TRUE,,,TRUE,,,,,,,TRUE,TRUE,Element,GSE/Lists/AviatorGSERegister
EBT 00297,,Baggage tractor (EBT),LXT120,,CFS,,,,,,,,,,,,,,FALSE,,,,,,,,,FALSE,FALSE,,,,,TRUE,TRUE,,,TRUE,,,,,,,TRUE,TRUE,Element,GSE/Lists/AviatorGSERegister
EBT 00298,,Baggage tractor (EBT),LXT120,,CFS,,,,,,,,,,,,,,FALSE,,,,,,,,,FALSE,FALSE,,,,,TRUE,TRUE,,,TRUE,,,,,,,TRUE,TRUE,Element,GSE/Lists/AviatorGSERegister
EBT 00299,,Baggage tractor (EBT),LXT120,,CFS,,,,,,,,,,,,,,FALSE,,,,,,,,,FALSE,FALSE,,,,,TRUE,TRUE,,,TRUE,,,,,,,TRUE,TRUE,Element,GSE/Lists/AviatorGSERegister
EBT 00300,,Baggage tractor (EBT),LXT120,,CFS,,,,,,,,,,,,,,FALSE,,,,,,,,,FALSE,FALSE,,,,,TRUE,TRUE,,,TRUE,,,,,,,TRUE,TRUE,Element,GSE/Lists/AviatorGSERegister
EBT 00292,,Baggage tractor (EBT),LXT120,,CFS,,,,,,,,,,,,,,FALSE,,,,,,,,,FALSE,FALSE,,,,,TRUE,TRUE,,,TRUE,,,,,,,TRUE,TRUE,Element,GSE/Lists/AviatorGSERegister
EBT 00294,,Baggage tractor (EBT),LXT120,,CFS,,,,,,,,,,,,,,FALSE,,,,,,,,,FALSE,FALSE,,,,,TRUE,TRUE,,,TRUE,,,,,,,TRUE,TRUE,Element,GSE/Lists/AviatorGSERegister
EBT 00301,,Baggage tractor (EBT),LXT70,,CFS,,,,,,,,,,,,,,FALSE,,,,,,,,,FALSE,FALSE,,,,,TRUE,TRUE,,,TRUE,,,,,,,TRUE,TRUE,Element,GSE/Lists/AviatorGSERegister
EBT 00302,,Baggage tractor (EBT),LXT70,,CFS,,,,,,,,,,,,,,FALSE,,,,,,,,,FALSE,FALSE,,,,,TRUE,TRUE,,,TRUE,,,,,,,TRUE,TRUE,Element,GSE/Lists/AviatorGSERegister
EBT 00303,,Baggage tractor (EBT),LXT70,,CFS,,,,,,,,,,,,,,FALSE,,,,,,,,,FALSE,FALSE,,,,,TRUE,TRUE,,,TRUE,,,,,,,TRUE,TRUE,Element,GSE/Lists/AviatorGSERegister
EBT 00304,,Baggage tractor (EBT),LXT350,,CFS,,,,,,,,,,,,,,FALSE,,,,,,,,,FALSE,FALSE,,,,,TRUE,TRUE,,,TRUE,,,,,,,TRUE,TRUE,Element,GSE/Lists/AviatorGSERegister
EBT 00305,,Baggage tractor (EBT),LXT350,,CFS,,,,,,,,,,,,,,FALSE,,,,,,,,,FALSE,FALSE,,,,,TRUE,TRUE,,,TRUE,,,,,,,TRUE,TRUE,Element,GSE/Lists/AviatorGSERegister
GPU 00085,,Ground power unit (GPU),GA90,,CFS,,,,,,,,,,,,,,FALSE,,,,,,,,,FALSE,FALSE,,,,,TRUE,TRUE,,,TRUE,,,,,,,TRUE,TRUE,Element,GSE/Lists/AviatorGSERegister
GPU 00086,,Ground power unit (GPU),GA90,,CFS,,,,,,,,,,,,,,FALSE,,,,,,,,,FALSE,FALSE,,,,,TRUE,TRUE,,,TRUE,,,,,,,TRUE,TRUE,Element,GSE/Lists/AviatorGSERegister
CLT 00023,,Container loader transporter (CLT),CLT 8,JBT,AAP,,,,,,,,,,,,,,FALSE,,,,,,,,,FALSE,FALSE,,,,,TRUE,TRUE,,,TRUE,Copenhagen Flight Services APS,,,,,,TRUE,TRUE,Element,GSE/Lists/AviatorGSERegister
TBL 00059,,Towbar less tractor (TBL),TBL280,TCR,CFS,,,,,,2024,,,,,,,,FALSE,,,,,,,,,FALSE,FALSE,,,,,TRUE,TRUE,,,TRUE,,,,,,,TRUE,TRUE,Element,GSE/Lists/AviatorGSERegister
BLS 00040,,Belt loader snake (BLS),Power Stow,TCR,CFS,,,,,,,,,,,,,,FALSE,,,,,,,,,FALSE,FALSE,,,,,TRUE,TRUE,,,TRUE,,,,,,,TRUE,TRUE,Element,GSE/Lists/AviatorGSERegister
CAR 00130,,Car (CAR),Mazda 2,,CFS,,,,JMZDJ6HC601467528,,,,,,,,,,FALSE,,,,,,,,,FALSE,FALSE,,,,,TRUE,TRUE,,,TRUE,,,,,,,TRUE,TRUE,Element,GSE/Lists/AviatorGSERegister
CAR 00131,,Car (CAR),Mazda 2,,CFS,,,,JMZDJ6HC601469639,,,,,,,,,,FALSE,,,,,,,,,FALSE,FALSE,,,,,TRUE,TRUE,,,TRUE,,,,,,,TRUE,TRUE,Element,GSE/Lists/AviatorGSERegister
CAR 00132,,Car (CAR),Mazda 2,,CFS,,,,JMZDJ6HC601466990,,,,,,,,,,FALSE,,,,,,,,,FALSE,FALSE,,,,,TRUE,TRUE,,,TRUE,,,,,,,TRUE,TRUE,Element,GSE/Lists/AviatorGSERegister
CAR 00133,,Car (CAR),Mazda 2,,CFS,,,,JMZDJ6HC601465634,,,,,,,,,,FALSE,,,,,,,,,FALSE,FALSE,,,,,TRUE,TRUE,,,TRUE,,,,,,,TRUE,TRUE,Element,GSE/Lists/AviatorGSERegister
CAR 00134,,Car (CAR),Bus,,CFS,,,,,,,,,,,,,,FALSE,,,,,,,,,FALSE,FALSE,,,,,TRUE,TRUE,,,TRUE,,,,,,,TRUE,TRUE,Element,GSE/Lists/AviatorGSERegister
TBL 00060,,Towbar less tractor (TBL),TBL100,Kalmar,CFS,,,,,,,,,,,,,,FALSE,,,,,,,,,FALSE,FALSE,,,,,TRUE,TRUE,,,TRUE,,,,,,,TRUE,TRUE,Element,GSE/Lists/AviatorGSERegister
BLS 00041,,Belt loader snake (BLS),Power Stow,TCR,CFS,,,,,,,,,,,,,,FALSE,,,,,,,,,FALSE,FALSE,,,,,TRUE,TRUE,,,TRUE,,,,,,,TRUE,TRUE,Element,GSE/Lists/AviatorGSERegister
BLS 00042,,Belt loader snake (BLS),Power Stow,Ryanair,CFS,,,,,,,,,,,,,,FALSE,,,,,,,,,FALSE,FALSE,,,,,TRUE,TRUE,,,TRUE,,,,,,,TRUE,TRUE,Element,GSE/Lists/AviatorGSERegister
EBT 00339,,Baggage tractor (EBT),Midlertidig,Still,CFS,,,,,,,,,,,,,,FALSE,,,,,,,,,FALSE,FALSE,,,,,TRUE,TRUE,,,TRUE,,,,,,,TRUE,TRUE,Element,GSE/Lists/AviatorGSERegister
EBT 00340,,Baggage tractor (EBT),Midlertidig,Still,CFS,,,,,,,,,,,,,,FALSE,,,,,,,,,FALSE,FALSE,,,,,TRUE,TRUE,,,TRUE,,,,,,,TRUE,TRUE,Element,GSE/Lists/AviatorGSERegister
EBT 00341,,Baggage tractor (EBT),Midlertidig,Still,CFS,,,,,,,,,,,,,,FALSE,,,,,,,,,FALSE,FALSE,,,,,TRUE,TRUE,,,TRUE,,,,,,,TRUE,TRUE,Element,GSE/Lists/AviatorGSERegister
EBT 00342,,Baggage tractor (EBT),Midlertidig,Still,CFS,,,,,,,,,,,,,,FALSE,,,,,,,,,FALSE,FALSE,,,,,TRUE,TRUE,,,TRUE,,,,,,,TRUE,TRUE,Element,GSE/Lists/AviatorGSERegister
EBT 00343,,Baggage tractor (EBT),Midlertidig,Still,CFS,,,,,,,,,,,,,,FALSE,,,,,,,,,FALSE,FALSE,,,,,TRUE,TRUE,,,TRUE,,,,,,,TRUE,TRUE,Element,GSE/Lists/AviatorGSERegister
EBT 00344,,Baggage tractor (EBT),Midlertidig,Still,CFS,,,,,,,,,,,,,,FALSE,,,,,,,,,FALSE,FALSE,,,,,TRUE,TRUE,,,TRUE,,,,,,,TRUE,TRUE,Element,GSE/Lists/AviatorGSERegister
EBT 00345,,Baggage tractor (EBT),Midlertidig,Still,CFS,,,,,,,,,,,,,,FALSE,,,,,,,,,FALSE,FALSE,,,,,TRUE,TRUE,,,TRUE,,,,,,,TRUE,TRUE,Element,GSE/Lists/AviatorGSERegister
EBT 00346,,Baggage tractor (EBT),Midlertidig,Still,CFS,,,,,,,,,,,,,,FALSE,,,,,,,,,FALSE,FALSE,,,,,TRUE,TRUE,,,TRUE,,,,,,,TRUE,TRUE,Element,GSE/Lists/AviatorGSERegister
EBT 00347,,Baggage tractor (EBT),Linde P60,,AAP,,,,,,,,,,,,,,FALSE,,,,,,,,,FALSE,FALSE,,,,,TRUE,TRUE,,,TRUE,,,,,,,TRUE,TRUE,Element,GSE/Lists/AviatorGSERegister
TBL00061,,Towbar less tractor (TBL),TBL190,Kalmar,AAP,,,,2349,,2015,2015,,,,,,,FALSE,,,,,,,,,FALSE,FALSE,,,,,TRUE,TRUE,,,TRUE,,,,,,,TRUE,TRUE,Element,GSE/Lists/AviatorGSERegister
TBL00062,,Towbar less tractor (TBL),TBL190,Kalmar,AAP,,,,2350,,2015,,,,,,,,FALSE,,,,,,,,,FALSE,FALSE,,,,,TRUE,TRUE,,,TRUE,,,,,,,TRUE,TRUE,Element,GSE/Lists/AviatorGSERegister
EBT00362,,Baggage tractor (EBT),P250,Linde,CFS,,,,G1X127N00057,,2010,,"3,094",,,,,,TRUE,,,3. Okay,Electric -> Emission N/A,,,,,FALSE,FALSE,,,,,TRUE,TRUE,,,TRUE,,,,,,,TRUE,TRUE,Element,GSE/Lists/AviatorGSERegister
DIT 00054,,De-icing truck (DIT),220,Safe aero,CFS,,,,,,,,,,,,,,FALSE,,,,,,,,,FALSE,FALSE,,,,,TRUE,TRUE,,,TRUE,Copenhagen Flight Services APS,,,,,,TRUE,TRUE,Element,GSE/Lists/AviatorGSERegister
